-- --------------------------------------------------------
-- Servidor:                     127.0.0.1
-- Versão do servidor:           10.4.11-MariaDB - mariadb.org binary distribution
-- OS do Servidor:               Win64
-- HeidiSQL Versão:              11.0.0.5919
-- --------------------------------------------------------

/*!40101 SET @OLD_CHARACTER_SET_CLIENT=@@CHARACTER_SET_CLIENT */;
/*!40101 SET NAMES utf8 */;
/*!50503 SET NAMES utf8mb4 */;
/*!40014 SET @OLD_FOREIGN_KEY_CHECKS=@@FOREIGN_KEY_CHECKS, FOREIGN_KEY_CHECKS=0 */;
/*!40101 SET @OLD_SQL_MODE=@@SQL_MODE, SQL_MODE='NO_AUTO_VALUE_ON_ZERO' */;


-- Copiando estrutura do banco de dados para gsinfb41_global

USE `gsinfb41_global`;

-- Copiando estrutura para tabela gsinfb41_global.contas
CREATE TABLE IF NOT EXISTS `contas` (
  `id` int(10) NOT NULL AUTO_INCREMENT,
  `conta` varchar(50) DEFAULT NULL,
  `empresa_id` int(10) unsigned NOT NULL,
  `operadora_id` int(10) unsigned NOT NULL,
  `grupo_id` int(10) unsigned DEFAULT 1,
  `observacao` varchar(145) DEFAULT NULL,
  `updated_at` timestamp NULL DEFAULT NULL,
  PRIMARY KEY (`id`),
  KEY `fk_contas_operadoras_idx` (`operadora_id`),
  KEY `FK_CONTAS_GRUPOS` (`grupo_id`),
  KEY `FK_CONTAS_EMPRESAS` (`empresa_id`),
  CONSTRAINT `FK_CONTAS_EMPRESAS` FOREIGN KEY (`empresa_id`) REFERENCES `empresas` (`id`),
  CONSTRAINT `FK_CONTAS_GRUPOS` FOREIGN KEY (`grupo_id`) REFERENCES `grupos` (`id`),
  CONSTRAINT `FK_CONTAS_OPERADORAS` FOREIGN KEY (`operadora_id`) REFERENCES `operadoras` (`id`)
) ENGINE=InnoDB AUTO_INCREMENT=6 DEFAULT CHARSET=utf8mb4;

-- Copiando dados para a tabela gsinfb41_global.contas: ~5 rows (aproximadamente)
DELETE FROM `contas`;
/*!40000 ALTER TABLE `contas` DISABLE KEYS */;
INSERT INTO `contas` (`id`, `conta`, `empresa_id`, `operadora_id`, `grupo_id`, `observacao`, `updated_at`) VALUES
	(1, '120604594', 1, 4, 1, NULL, NULL),
	(2, '112967994', 2, 1, 1, NULL, NULL),
	(3, '153936991', 1, 1, 1, NULL, NULL),
	(4, '71423692', 1, 3, 1, NULL, NULL),
	(5, '71544563', 1, 3, 1, NULL, NULL);
/*!40000 ALTER TABLE `contas` ENABLE KEYS */;

-- Copiando estrutura para tabela gsinfb41_global.contratos_fixos
CREATE TABLE IF NOT EXISTS `contratos_fixos` (
  `id` int(10) unsigned NOT NULL AUTO_INCREMENT,
  `operadora_id` int(10) NOT NULL,
  `numero_contrato` varchar(40) DEFAULT NULL,
  `assinatura` decimal(10,2) NOT NULL DEFAULT 0.00,
  `franquia` varchar(20) NOT NULL,
  `comprometimento_minimo` decimal(10,2) NOT NULL DEFAULT 0.00,
  `empresa_id` int(10) unsigned NOT NULL,
  `periodo_inicio` date NOT NULL,
  `periodo_fim` date NOT NULL,
  `vigencia` varchar(3) NOT NULL,
  `canais` varchar(3) DEFAULT NULL,
  `range` varchar(9) DEFAULT NULL,
  `sinalizacao` varchar(4) DEFAULT NULL,
  `tarifa_local_fixo` varchar(7) DEFAULT NULL,
  `tarifa_local_movel` varchar(7) DEFAULT NULL,
  `tarifa_ld_fixo` varchar(7) DEFAULT NULL,
  `tarifa_ld_movel` varchar(7) DEFAULT NULL,
  `observacao` varchar(145) DEFAULT NULL,
  `updated_at` timestamp NULL DEFAULT NULL,
  PRIMARY KEY (`id`),
  KEY `FK_contratos_fixos_operadoras` (`operadora_id`),
  KEY `FK_contratos_fixos_empresas` (`empresa_id`)
) ENGINE=InnoDB DEFAULT CHARSET=utf8mb4;

-- Copiando dados para a tabela gsinfb41_global.contratos_fixos: ~0 rows (aproximadamente)
DELETE FROM `contratos_fixos`;
/*!40000 ALTER TABLE `contratos_fixos` DISABLE KEYS */;
/*!40000 ALTER TABLE `contratos_fixos` ENABLE KEYS */;

-- Copiando estrutura para tabela gsinfb41_global.contratos_moveis
CREATE TABLE IF NOT EXISTS `contratos_moveis` (
  `id` int(10) unsigned NOT NULL AUTO_INCREMENT,
  `numero_contrato` varchar(40) DEFAULT NULL,
  `empresa_id` int(10) unsigned NOT NULL,
  `operadora_id` int(10) NOT NULL,
  `periodo_inicio` date NOT NULL,
  `periodo_fim` date NOT NULL,
  `vigencia` varchar(3) NOT NULL,
  `assinatura` decimal(10,2) NOT NULL DEFAULT 0.00,
  `sms_unitario` decimal(10,2) DEFAULT NULL,
  `sms_pacote` decimal(10,2) DEFAULT NULL,
  `gestor_online` decimal(10,2) DEFAULT NULL,
  `planos_contrato` varchar(145) DEFAULT NULL,
  `observacao` varchar(145) DEFAULT NULL,
  `updated_at` timestamp NULL DEFAULT NULL,
  PRIMARY KEY (`id`) USING BTREE,
  KEY `FK_contratos_fixos_operadoras` (`operadora_id`) USING BTREE,
  KEY `FK_contratos_fixos_empresas` (`empresa_id`) USING BTREE
) ENGINE=InnoDB DEFAULT CHARSET=utf8mb4 ROW_FORMAT=DYNAMIC;

-- Copiando dados para a tabela gsinfb41_global.contratos_moveis: ~0 rows (aproximadamente)
DELETE FROM `contratos_moveis`;
/*!40000 ALTER TABLE `contratos_moveis` DISABLE KEYS */;
/*!40000 ALTER TABLE `contratos_moveis` ENABLE KEYS */;

-- Copiando estrutura para tabela gsinfb41_global.empresas
CREATE TABLE IF NOT EXISTS `empresas` (
  `id` int(10) unsigned NOT NULL AUTO_INCREMENT,
  `razao_social` varchar(50) NOT NULL,
  `cnpj` varchar(14) NOT NULL,
  `grupo_id` int(10) unsigned NOT NULL,
  `observacao` varchar(145) DEFAULT NULL,
  `updated_at` timestamp NULL DEFAULT NULL,
  PRIMARY KEY (`id`),
  KEY `FK_empresas_grupos` (`grupo_id`),
  CONSTRAINT `FK_EMPRESAS_GRUPOS` FOREIGN KEY (`grupo_id`) REFERENCES `grupos` (`id`)
) ENGINE=InnoDB AUTO_INCREMENT=3 DEFAULT CHARSET=utf8mb4;

-- Copiando dados para a tabela gsinfb41_global.empresas: ~2 rows (aproximadamente)
DELETE FROM `empresas`;
/*!40000 ALTER TABLE `empresas` DISABLE KEYS */;
INSERT INTO `empresas` (`id`, `razao_social`, `cnpj`, `grupo_id`, `observacao`, `updated_at`) VALUES
	(1, 'A Gazeta do Espirito Santo Rádio e TV LTDA', '27063726000120', 1, NULL, NULL),
	(2, 'Radio Difusora Princesa do Sul', '27468008000133', 1, NULL, NULL);
/*!40000 ALTER TABLE `empresas` ENABLE KEYS */;

-- Copiando estrutura para tabela gsinfb41_global.failed_jobs
CREATE TABLE IF NOT EXISTS `failed_jobs` (
  `id` bigint(20) unsigned NOT NULL AUTO_INCREMENT,
  `connection` text COLLATE utf8mb4_unicode_ci NOT NULL,
  `queue` text COLLATE utf8mb4_unicode_ci NOT NULL,
  `payload` longtext COLLATE utf8mb4_unicode_ci NOT NULL,
  `exception` longtext COLLATE utf8mb4_unicode_ci NOT NULL,
  `failed_at` timestamp NOT NULL DEFAULT current_timestamp(),
  PRIMARY KEY (`id`)
) ENGINE=InnoDB DEFAULT CHARSET=utf8mb4 COLLATE=utf8mb4_unicode_ci;

-- Copiando dados para a tabela gsinfb41_global.failed_jobs: ~0 rows (aproximadamente)
DELETE FROM `failed_jobs`;
/*!40000 ALTER TABLE `failed_jobs` DISABLE KEYS */;
/*!40000 ALTER TABLE `failed_jobs` ENABLE KEYS */;

-- Copiando estrutura para tabela gsinfb41_global.filiais
CREATE TABLE IF NOT EXISTS `filiais` (
  `id` int(10) unsigned NOT NULL AUTO_INCREMENT,
  `filial` varchar(25) NOT NULL DEFAULT '0',
  `grupo_id` int(10) unsigned NOT NULL,
  `observacao` varchar(145) DEFAULT NULL,
  `updated_at` timestamp NULL DEFAULT NULL,
  PRIMARY KEY (`id`) USING BTREE,
  KEY `FK_matriculas_grupos` (`grupo_id`) USING BTREE,
  CONSTRAINT `FK_FILIAIS_GRUPOS` FOREIGN KEY (`grupo_id`) REFERENCES `grupos` (`id`)
) ENGINE=InnoDB AUTO_INCREMENT=13 DEFAULT CHARSET=utf8mb4 ROW_FORMAT=DYNAMIC;

-- Copiando dados para a tabela gsinfb41_global.filiais: ~12 rows (aproximadamente)
DELETE FROM `filiais`;
/*!40000 ALTER TABLE `filiais` DISABLE KEYS */;
INSERT INTO `filiais` (`id`, `filial`, `grupo_id`, `observacao`, `updated_at`) VALUES
	(1, 'CBN', 1, NULL, NULL),
	(2, 'FM102', 1, NULL, NULL),
	(3, 'FM 102 (Linhares)', 1, NULL, NULL),
	(4, 'Nova Geração', 1, NULL, NULL),
	(5, 'Radio Cidadã', 1, NULL, NULL),
	(6, 'Radio Difusora', 1, NULL, NULL),
	(7, 'S/A', 1, NULL, NULL),
	(8, 'Sem ID', 1, NULL, NULL),
	(9, 'TV', 1, NULL, NULL),
	(10, 'TV Cachoeiro', 1, NULL, NULL),
	(11, 'TV Noroeste', 1, NULL, NULL),
	(12, 'TV Norte', 1, NULL, NULL);
/*!40000 ALTER TABLE `filiais` ENABLE KEYS */;

-- Copiando estrutura para tabela gsinfb41_global.funcoes
CREATE TABLE IF NOT EXISTS `funcoes` (
  `id` int(10) unsigned NOT NULL AUTO_INCREMENT,
  `funcao` varchar(50) NOT NULL DEFAULT '0',
  `grupo_id` int(10) unsigned NOT NULL,
  `observacao` varchar(145) DEFAULT NULL,
  `updated_at` timestamp NULL DEFAULT NULL,
  PRIMARY KEY (`id`),
  KEY `FK_funcoes_grupos` (`grupo_id`),
  CONSTRAINT `FK_FUNCOES_GRUPOS` FOREIGN KEY (`grupo_id`) REFERENCES `grupos` (`id`)
) ENGINE=InnoDB AUTO_INCREMENT=77 DEFAULT CHARSET=utf8mb4;

-- Copiando dados para a tabela gsinfb41_global.funcoes: ~76 rows (aproximadamente)
DELETE FROM `funcoes`;
/*!40000 ALTER TABLE `funcoes` DISABLE KEYS */;
INSERT INTO `funcoes` (`id`, `funcao`, `grupo_id`, `observacao`, `updated_at`) VALUES
	(1, 'Advogado', 1, NULL, NULL),
	(2, 'Analista', 1, NULL, NULL),
	(3, 'Analista de Sistema', 1, NULL, NULL),
	(4, 'Analista Info', 1, NULL, NULL),
	(5, 'Ass. de Produção', 1, NULL, NULL),
	(6, 'Ass.Mkt', 1, NULL, NULL),
	(7, 'Assistente', 1, NULL, NULL),
	(8, 'Assistente de Serviços Gerais 2', 1, NULL, NULL),
	(9, 'Chefe de Manutenção', 1, NULL, NULL),
	(10, 'Chefe de Redação', 1, NULL, NULL),
	(11, 'Cinegrafista', 1, NULL, NULL),
	(12, 'Comercial', 1, NULL, NULL),
	(13, 'Contas', 1, NULL, NULL),
	(14, 'Contato', 1, NULL, NULL),
	(15, 'Contato Comercial', 1, NULL, NULL),
	(16, 'Contato G1', 1, NULL, NULL),
	(17, 'Coordenador', 1, NULL, NULL),
	(18, 'Coordenador Comercial Web', 1, NULL, NULL),
	(19, 'Coordenador de Promoção', 1, NULL, NULL),
	(20, 'Coordenador de Suporte', 1, NULL, NULL),
	(21, 'Coordenadora', 1, NULL, NULL),
	(22, 'Dados', 1, NULL, NULL),
	(23, 'Diretor', 1, NULL, NULL),
	(24, 'Diretor Digital Multimidia', 1, NULL, NULL),
	(25, 'Disponivel', 1, NULL, NULL),
	(26, 'Disposição', 1, NULL, NULL),
	(27, 'Editor', 1, NULL, NULL),
	(28, 'Editor Chefe', 1, NULL, NULL),
	(29, 'Editor Nucleo Entretenimento', 1, NULL, NULL),
	(30, 'Editora de Economia', 1, NULL, NULL),
	(31, 'Eletricísta', 1, NULL, NULL),
	(32, 'Entregador', 1, NULL, NULL),
	(33, 'Externa', 1, NULL, NULL),
	(34, 'Estoque', 1, NULL, NULL),
	(35, 'Evento', 1, NULL, NULL),
	(36, 'Executivo de Contas', 1, NULL, NULL),
	(37, 'Fotografo', 1, NULL, NULL),
	(38, 'Gazeta Online', 1, NULL, NULL),
	(39, 'Gerente', 1, NULL, NULL),
	(40, 'Gerente Marketing', 1, NULL, NULL),
	(41, 'Gerente Relações Institucionais', 1, NULL, NULL),
	(42, 'Interface', 1, NULL, NULL),
	(43, 'Ipad', 1, NULL, NULL),
	(44, 'Jornalista', 1, NULL, NULL),
	(45, 'Locutor', 1, NULL, NULL),
	(46, 'Locutor de Externa E Promoções', 1, NULL, NULL),
	(47, 'Modem', 1, NULL, NULL),
	(48, 'Modem 3G', 1, NULL, NULL),
	(49, 'Modem 4G', 1, NULL, NULL),
	(50, 'Monitoramento Remoto Dos Sites', 1, NULL, NULL),
	(51, 'Motorista', 1, NULL, NULL),
	(52, 'Não Especificado', 1, NULL, NULL),
	(53, 'Pabx', 1, NULL, NULL),
	(54, 'Pauta', 1, NULL, NULL),
	(55, 'Pauteiro', 1, NULL, NULL),
	(56, 'Produtor', 1, NULL, NULL),
	(57, 'Produtor Executivo E Sonoplasta', 1, NULL, NULL),
	(58, 'Promotor', 1, NULL, NULL),
	(59, 'Reportagem', 1, NULL, NULL),
	(60, 'Repórter', 1, NULL, NULL),
	(61, 'S.Gerais', 1, NULL, NULL),
	(62, 'Sac', 1, NULL, NULL),
	(63, 'Secretário', 1, NULL, NULL),
	(64, 'Sem Id', 1, NULL, NULL),
	(65, 'Só Rec. Torpedo', 1, NULL, NULL),
	(66, 'Sup. Cont. Mestre', 1, NULL, NULL),
	(67, 'Supervisor', 1, NULL, NULL),
	(68, 'Supervisor de Manutenção', 1, NULL, NULL),
	(69, 'Tablet', 1, NULL, NULL),
	(70, 'Tec. Noroeste', 1, NULL, NULL),
	(71, 'Técnico', 1, NULL, NULL),
	(72, 'Vivo Box', 1, NULL, NULL),
	(73, 'Whatsapp', 1, NULL, NULL),
	(74, 'Whatsapp Antena 1', 1, NULL, NULL),
	(75, 'Whatsapp Cbn', 1, NULL, NULL),
	(76, 'Whatssap', 1, NULL, NULL);
/*!40000 ALTER TABLE `funcoes` ENABLE KEYS */;

-- Copiando estrutura para tabela gsinfb41_global.gestores
CREATE TABLE IF NOT EXISTS `gestores` (
  `id` int(10) unsigned NOT NULL AUTO_INCREMENT COMMENT '\n\n',
  `gestor` varchar(50) DEFAULT NULL,
  `grupo_id` int(10) unsigned NOT NULL,
  `observacao` varchar(145) DEFAULT NULL,
  `updated_at` timestamp NULL DEFAULT NULL,
  PRIMARY KEY (`id`),
  KEY `FK_gestores_grupos` (`grupo_id`),
  CONSTRAINT `FK_GESTORES_GRUPOS` FOREIGN KEY (`grupo_id`) REFERENCES `grupos` (`id`)
) ENGINE=InnoDB AUTO_INCREMENT=65 DEFAULT CHARSET=utf8mb4;

-- Copiando dados para a tabela gsinfb41_global.gestores: ~64 rows (aproximadamente)
DELETE FROM `gestores`;
/*!40000 ALTER TABLE `gestores` DISABLE KEYS */;
INSERT INTO `gestores` (`id`, `gestor`, `grupo_id`, `observacao`, `updated_at`) VALUES
	(1, 'Abdo Chequer Bou-Habib', 1, NULL, NULL),
	(2, 'Adinalte Joao Beltrame', 1, NULL, NULL),
	(3, 'Aglisson Lopes', 1, NULL, NULL),
	(4, 'Alexandre Destefani dos Santos', 1, NULL, NULL),
	(5, 'Andre Furlaneto', 1, NULL, NULL),
	(6, 'Andre Hees de Carvalho', 1, NULL, NULL),
	(7, 'Andre Luis Furlanetto Pacheco', 1, NULL, NULL),
	(8, 'Andre Luiz de Faria Junqueira', 1, NULL, NULL),
	(9, 'Angela Theodoro de Souza', 1, NULL, NULL),
	(10, 'Bruno Araujo Izidoro Pereira', 1, NULL, NULL),
	(11, 'Café', 1, NULL, NULL),
	(12, 'Camila de Andrade Rocha', 1, NULL, NULL),
	(13, 'Camila Uliana Donna', 1, NULL, NULL),
	(14, 'Carla Sobreira Gomes de Oliveira', 1, NULL, NULL),
	(15, 'Carlos Bittencurt', 1, NULL, NULL),
	(16, 'Carlos Dultra', 1, NULL, NULL),
	(17, 'Carlos Eduardo Pena', 1, NULL, NULL),
	(18, 'Carlos Fernando Monteiro Lindenberg Filho', 1, NULL, NULL),
	(19, 'Carlos Fernando Monteiro Lindenberg Neto', 1, NULL, NULL),
	(20, 'Carlos Henrique Benfica Neves', 1, NULL, NULL),
	(21, 'Davi Wescley dos Santos', 1, NULL, NULL),
	(22, 'Elaine Silva', 1, NULL, NULL),
	(23, 'Emerson Minimi', 1, NULL, NULL),
	(24, 'Felipe Ruback', 1, NULL, NULL),
	(25, 'Fernanda de Queiroz Castro', 1, NULL, NULL),
	(26, 'Fernando Bohn Geller', 1, NULL, NULL),
	(27, 'Gabriel Moura', 1, NULL, NULL),
	(28, 'Helder Luciano de Oliveira', 1, NULL, NULL),
	(29, 'Hugo Batista Prudêncio', 1, NULL, NULL),
	(30, 'Ivan Henrique Seatttle Reis', 1, NULL, NULL),
	(31, 'Joao Carlos Coser', 1, NULL, NULL),
	(32, 'João Carlos Cozer', 1, NULL, NULL),
	(33, 'Joelder Dansi', 1, NULL, NULL),
	(34, 'Jose Cesar Leite Junior', 1, NULL, NULL),
	(35, 'Jose Lopes dos Santos Rocha', 1, NULL, NULL),
	(36, 'Kassius', 1, NULL, NULL),
	(37, 'Leticia Paoliello Lindenberg', 1, NULL, NULL),
	(38, 'Luciane Ventura da Silva', 1, NULL, NULL),
	(39, 'Luciene Campagnaro', 1, NULL, NULL),
	(40, 'Marcio Chagas Do Nascimento', 1, NULL, NULL),
	(41, 'Maria Alice Paoliello Lindenber', 1, NULL, NULL),
	(42, 'Maria Helena Vargas de Azevedo', 1, NULL, NULL),
	(43, 'Marizete Pietralonga', 1, NULL, NULL),
	(44, 'Milson Bonomo', 1, NULL, NULL),
	(45, 'Milson Bonomo de Matos', 1, NULL, NULL),
	(46, 'Neulan Bastos', 1, NULL, NULL),
	(47, 'Paula Roseli Rodrigues', 1, NULL, NULL),
	(48, 'Paulo Roberto Monfrin Canno', 1, NULL, NULL),
	(49, 'Rafael Moreira dos Santos', 1, NULL, NULL),
	(50, 'Rafael Queiroz Silveira', 1, NULL, NULL),
	(51, 'Rafael Silveira', 1, NULL, NULL),
	(52, 'Ranieri Aguiar', 1, NULL, NULL),
	(53, 'Renan Effgen Fae', 1, NULL, NULL),
	(54, 'Ricardo Costi Ribeiro', 1, NULL, NULL),
	(55, 'Rodrigo Resende', 1, NULL, NULL),
	(56, 'Rogerio Machado Bastos', 1, NULL, NULL),
	(57, 'Sem ID', 1, NULL, NULL),
	(58, 'Sergio Alexandre', 1, NULL, NULL),
	(59, 'Sergio Luiz Lugon Grecco', 1, NULL, NULL),
	(60, 'Vinicius Batista', 1, NULL, NULL),
	(61, 'Vinicius Catrinque', 1, NULL, NULL),
	(62, 'Vinicius dos Santos Batista', 1, NULL, NULL),
	(63, 'Vitor Jubini', 1, NULL, NULL),
	(64, 'Wanderson Luiz Clemente', 1, NULL, NULL);
/*!40000 ALTER TABLE `gestores` ENABLE KEYS */;

-- Copiando estrutura para tabela gsinfb41_global.grupos
CREATE TABLE IF NOT EXISTS `grupos` (
  `id` int(10) unsigned NOT NULL AUTO_INCREMENT,
  `grupo` varchar(50) NOT NULL,
  `observacao` varchar(145) DEFAULT NULL,
  `updated_at` timestamp NULL DEFAULT NULL,
  PRIMARY KEY (`id`)
) ENGINE=InnoDB AUTO_INCREMENT=2 DEFAULT CHARSET=utf8mb4;

-- Copiando dados para a tabela gsinfb41_global.grupos: ~0 rows (aproximadamente)
DELETE FROM `grupos`;
/*!40000 ALTER TABLE `grupos` DISABLE KEYS */;
INSERT INTO `grupos` (`id`, `grupo`, `observacao`, `updated_at`) VALUES
	(1, 'Gazeta', NULL, NULL);
/*!40000 ALTER TABLE `grupos` ENABLE KEYS */;

-- Copiando estrutura para tabela gsinfb41_global.grupos_users
CREATE TABLE IF NOT EXISTS `grupos_users` (
  `id` int(10) unsigned NOT NULL AUTO_INCREMENT,
  `grupos_id` int(10) unsigned NOT NULL,
  `users_id` int(10) unsigned NOT NULL,
  `observacao` varchar(150) DEFAULT NULL,
  `updated_at` timestamp NULL DEFAULT NULL,
  PRIMARY KEY (`id`),
  KEY `FK_grupos_users_grupos` (`grupos_id`) USING BTREE,
  KEY `FK_grupos_users_users` (`users_id`) USING BTREE,
  CONSTRAINT `FK_GU_GRUPOS` FOREIGN KEY (`grupos_id`) REFERENCES `grupos` (`id`),
  CONSTRAINT `FK_GU_USERS` FOREIGN KEY (`users_id`) REFERENCES `users` (`id`)
) ENGINE=InnoDB AUTO_INCREMENT=5 DEFAULT CHARSET=utf8mb4;

-- Copiando dados para a tabela gsinfb41_global.grupos_users: ~4 rows (aproximadamente)
DELETE FROM `grupos_users`;
/*!40000 ALTER TABLE `grupos_users` DISABLE KEYS */;
INSERT INTO `grupos_users` (`id`, `grupos_id`, `users_id`, `observacao`, `updated_at`) VALUES
	(1, 1, 1, 'Dev', '2020-08-17 19:06:57'),
	(2, 1, 21, NULL, NULL),
	(3, 1, 22, NULL, NULL),
	(4, 1, 24, NULL, NULL);
/*!40000 ALTER TABLE `grupos_users` ENABLE KEYS */;

-- Copiando estrutura para tabela gsinfb41_global.inventarios
CREATE TABLE IF NOT EXISTS `inventarios` (
  `id` int(10) unsigned NOT NULL AUTO_INCREMENT,
  `linha` varchar(11) NOT NULL,
  `nome_usuario` varchar(25) DEFAULT NULL,
  `data_registro` date DEFAULT NULL,
  `chip` varchar(20) DEFAULT NULL,
  `funcao_id` int(10) unsigned NOT NULL,
  `filial_id` int(10) unsigned NOT NULL,
  `conta_id` int(10) unsigned NOT NULL,
  `setor_id` int(10) unsigned NOT NULL,
  `subsetor_id` int(10) unsigned NOT NULL,
  `gestor_id` int(10) unsigned NOT NULL,
  `plano_id` int(10) unsigned NOT NULL,
  `status_id` int(10) unsigned NOT NULL,
  `tipo_linha_id` int(10) unsigned NOT NULL,
  `grupo_id` int(10) unsigned DEFAULT 1,
  `resp_despesa` varchar(145) DEFAULT NULL,
  `observacao` text DEFAULT NULL,
  `updated_at` timestamp NULL DEFAULT NULL,
  PRIMARY KEY (`id`),
  UNIQUE KEY `linha` (`linha`),
  KEY `inventarios_contas_idx` (`conta_id`),
  KEY `inventarios_setores_idx` (`setor_id`),
  KEY `inventarios_subsetores_idx` (`subsetor_id`),
  KEY `inventarios_gestores_idx` (`gestor_id`),
  KEY `inventarios_planos_idx` (`plano_id`),
  KEY `inventarios_status_idx` (`status_id`),
  KEY `inventarios_tipos_linhas_idx` (`tipo_linha_id`),
  KEY `FK_inventarios_funcoes` (`funcao_id`),
  KEY `nome_usuario` (`nome_usuario`),
  KEY `data_registro` (`data_registro`),
  KEY `chip` (`chip`),
  KEY `FK_inventarios_matriculas` (`filial_id`) USING BTREE,
  KEY `FK_INVENTARIO_GRUPO` (`grupo_id`)
) ENGINE=InnoDB AUTO_INCREMENT=414 DEFAULT CHARSET=utf8mb4;

-- Copiando dados para a tabela gsinfb41_global.inventarios: ~412 rows (aproximadamente)
DELETE FROM `inventarios`;
/*!40000 ALTER TABLE `inventarios` DISABLE KEYS */;
INSERT INTO `inventarios` (`id`, `linha`, `nome_usuario`, `data_registro`, `chip`, `funcao_id`, `filial_id`, `conta_id`, `setor_id`, `subsetor_id`, `gestor_id`, `plano_id`, `status_id`, `tipo_linha_id`, `grupo_id`, `resp_despesa`, `observacao`, `updated_at`) VALUES
	(1, '27998706735', 'Sidney Magno Fagundes Nov', '2020-08-03', 'SEM ID', 67, 7, 1, 29, 1, 59, 5, 1, 3, 1, 'José Lopes\r\n', NULL, NULL),
	(2, '27999858946', 'Site G1', '2020-08-03', 'SEM ID', 32, 7, 1, 28, 2, 55, 7, 1, 3, 1, 'José Lopes\r\n', NULL, NULL),
	(3, '27999390251', 'Estoque', '2020-08-03', 'SEM ID', 47, 7, 1, 66, 3, 35, 12, 4, 2, 1, 'José Lopes\r\n', NULL, NULL),
	(4, '27998704403', 'Brunela Alves Ribeiro', '2020-08-03', 'SEM ID', 60, 7, 1, 72, 4, 6, 10, 1, 1, 1, 'José Lopes\r\n', NULL, NULL),
	(5, '27992493189', 'Carla Sobreira Gomes de O', '2020-08-03', 'SEM ID', 17, 7, 1, 18, 5, 14, 10, 1, 1, 1, 'José Lopes\r\n', NULL, NULL),
	(6, '27999822994', 'Carro de Externa', '2020-08-03', 'SEM ID', 59, 12, 1, 77, 6, 17, 10, 1, 1, 1, 'José Lopes\r\n', NULL, NULL),
	(7, '27992221760', 'Daniel Encarnação Carrare', '2020-08-03', 'SEM ID', 4, 9, 1, 17, 7, 50, 10, 1, 1, 1, 'José Lopes\r\n', NULL, NULL),
	(8, '27992778535', 'Distribuição Própria', '2020-08-03', 'SEM ID', 26, 7, 1, 22, 8, 59, 10, 2, 1, 1, 'José Lopes\r\n', NULL, NULL),
	(9, '27992782095', 'Edson Sodre Rocha', '2020-08-03', '89551127639000329515', 60, 12, 1, 78, 6, 17, 10, 1, 1, 1, 'José Lopes\r\n', NULL, NULL),
	(10, '27981467069', 'Elaine Cristina Ferreira ', '2020-08-03', 'SEM ID', 27, 7, 1, 54, 9, 6, 10, 1, 1, 1, 'José Lopes\r\n', NULL, NULL),
	(11, '27981372698', 'Equipe Marketing', '2020-08-03', 'SEM ID', 14, 9, 1, 41, 10, 40, 10, 1, 1, 1, 'José Lopes\r\n', NULL, NULL),
	(12, '27992911369', 'CBK - Manutv', '2020-08-03', 'SEM ID', 71, 9, 1, 40, 11, 20, 10, 1, 1, 1, 'José Lopes\r\n', NULL, NULL),
	(13, '27999193116', 'G.Oline (Iphone)', '2020-08-03', 'SEM ID', 17, 9, 1, 17, 7, 50, 10, 1, 1, 1, 'José Lopes\r\n', NULL, NULL),
	(14, '27996480305', 'Gabriel Filipe Rodrigues ', '2020-08-03', '89551127139000814756', 56, 3, 1, 57, 12, 17, 10, 1, 1, 1, 'José Lopes\r\n', NULL, NULL),
	(15, '27996527707', 'Gazeta AM', '2020-08-03', '89551127139000814806', 76, 9, 1, 60, 13, 53, 10, 1, 1, 1, 'José Lopes\r\n', NULL, NULL),
	(16, '27998706222', 'Geraldo Nascimento Ramos', '2020-08-03', 'SEM ID', 10, 7, 1, 54, 9, 6, 10, 1, 1, 1, 'José Lopes\r\n', NULL, NULL),
	(17, '27999305951', 'Joelder Dansi', '2020-08-03', '89551127139000814855', 39, 10, 1, 74, 14, 33, 10, 1, 1, 1, 'José Lopes\r\n', NULL, NULL),
	(18, '27998510945', 'Joyce Silva Meriguetti', '2020-08-03', 'SEM ID', 30, 7, 1, 35, 9, 6, 10, 2, 1, 1, 'José Lopes\r\n', NULL, NULL),
	(19, '27997163335', 'Juliana Avanza', '2020-08-03', 'SEM ID', 60, 9, 1, 64, 15, 8, 10, 1, 1, 1, 'José Lopes\r\n', NULL, NULL),
	(20, '27992417729', 'Estoque', '2020-08-03', 'SEM ID', 64, 9, 1, 67, 16, 57, 10, 1, 1, 1, 'José Lopes\r\n', NULL, NULL),
	(21, '27996526580', 'Litoral Colatina', '2020-08-03', '89551127139000814814', 76, 4, 1, 65, 17, 53, 10, 1, 1, 1, 'José Lopes\r\n', NULL, NULL),
	(22, '27999470848', 'Litoral Linhares', '2020-08-03', 'SEM ID', 73, 2, 1, 13, 12, 53, 10, 1, 1, 1, 'José Lopes\r\n', NULL, NULL),
	(23, '27992258683', 'Estoque', '2020-08-03', 'SEM ID', 47, 7, 1, 66, 3, 35, 10, 1, 3, 1, 'José Lopes\r\n', NULL, NULL),
	(24, '27996598218', 'Marcia Lino/ Andressa Mac', '2020-08-03', 'SEM ID', 13, 7, 1, 80, 18, 57, 10, 1, 1, 1, 'José Lopes\r\n', NULL, NULL),
	(25, '27998519509', 'Marcio Chagas do Nascimen', '2020-08-03', 'SEM ID', 43, 7, 1, 19, 19, 40, 10, 1, 1, 1, 'José Lopes\r\n', NULL, NULL),
	(26, '27997684920', 'Marcio Machado', '2020-08-03', '89551127139000814863', 58, 7, 1, 85, 20, 59, 10, 1, 1, 1, 'José Lopes\r\n', NULL, NULL),
	(27, '27999413722', 'N.Agora (Reporteres)', '2020-08-03', 'SEM ID', 60, 7, 1, 55, 9, 6, 10, 1, 1, 1, 'José Lopes\r\n', NULL, NULL),
	(28, '27999692084', 'Núcleo de Vendas', '2020-08-03', 'SEM ID', 14, 7, 1, 49, 21, 34, 10, 1, 1, 1, 'José Lopes\r\n', NULL, NULL),
	(29, '27998706696', 'Philipe Garozi', '2020-08-03', 'SEM ID', 45, 4, 1, 61, 17, 53, 10, 1, 1, 1, 'José Lopes\r\n', NULL, NULL),
	(30, '27992994295', 'Radio Litoral FM102', '2020-08-03', 'SEM ID', 45, 2, 1, 60, 22, 53, 10, 1, 1, 1, 'José Lopes\r\n', NULL, NULL),
	(31, '28998857119', 'Redação JN', '2020-08-03', 'SEM ID', 44, 10, 1, 33, 23, 42, 10, 1, 1, 1, 'José Lopes\r\n', NULL, NULL),
	(32, '27998364096', 'Redação Multimídia', '2020-08-03', 'SEM ID', 59, 7, 1, 62, 9, 6, 10, 1, 1, 1, 'José Lopes\r\n', NULL, NULL),
	(33, '27981287692', 'Redação Multimídia', '2020-08-03', 'SEM ID', 59, 7, 1, 62, 9, 6, 10, 1, 3, 1, 'José Lopes\r\n', NULL, NULL),
	(34, '27999835130', 'Samanta Nogueira', '2020-08-03', 'SEM ID', 27, 7, 1, 1, 9, 6, 10, 1, 1, 1, 'José Lopes\r\n', NULL, NULL),
	(35, '27992356650', 'Samuel Rodrigues de Souza', '2020-08-03', 'SEM ID', 58, 7, 1, 31, 16, 59, 10, 1, 1, 1, 'José Lopes\r\n', NULL, NULL),
	(36, '27992346150', 'Estoque', '2020-08-03', 'SEM ID', 47, 7, 1, 66, 3, 35, 10, 1, 3, 1, 'José Lopes\r\n', NULL, NULL),
	(37, '27999413752', 'Whatsapp Antena 1', '2020-08-03', 'SEM ID', 74, 9, 1, 30, 24, 53, 10, 1, 1, 1, 'José Lopes\r\n', NULL, NULL),
	(38, '27992994297', 'Whatsapp Cbn', '2020-08-03', 'SEM ID', 75, 9, 1, 59, 25, 25, 10, 1, 1, 1, 'José Lopes\r\n', NULL, NULL),
	(39, '27997138504', 'Whatsapp Litoral Linhares', '2020-08-03', '89551127139000813964', 59, 2, 1, 13, 12, 53, 10, 1, 1, 1, 'José Lopes\r\n', NULL, NULL),
	(40, '27997745996', 'Whatsapp Marcelo Rangel', '2020-08-03', '89551127139000813824', 56, 9, 1, 30, 24, 53, 10, 4, 1, 1, 'José Lopes\r\n', NULL, NULL),
	(41, '27998517004', 'Whatsapp Marcelo Rangel', '2020-08-03', '89551127139000813782', 56, 9, 1, 30, 24, 53, 10, 4, 1, 1, 'José Lopes\r\n', NULL, NULL),
	(42, '27999240886', 'Whatsapp Marcelo Rangel', '2020-08-03', '89551127139000814848', 56, 9, 1, 30, 24, 53, 10, 4, 1, 1, 'José Lopes\r\n', NULL, NULL),
	(43, '27997051237', 'Whatsapp Renan', '2020-08-03', '89551127139000813980', 39, 9, 1, 30, 24, 53, 10, 1, 1, 1, 'José Lopes\r\n', NULL, NULL),
	(44, '27997163620', 'Whatsapp Renan', '2020-08-03', '89551127139000813956', 39, 9, 1, 30, 24, 53, 10, 1, 1, 1, 'José Lopes\r\n', NULL, NULL),
	(45, '27997255039', 'Whatsapp Renan', '2020-08-03', '89551127139000813907', 39, 9, 1, 30, 24, 53, 10, 1, 1, 1, 'José Lopes\r\n', NULL, NULL),
	(46, '27997308392', 'Whatsapp Renan', '2020-08-03', '89551127139000813899', 39, 9, 1, 30, 24, 53, 10, 1, 1, 1, 'José Lopes\r\n', NULL, NULL),
	(47, '27997489469', 'Whatsapp Renan', '2020-08-03', '89551127139000813808', 39, 9, 1, 30, 24, 53, 10, 1, 1, 1, 'José Lopes\r\n', NULL, NULL),
	(48, '27997246071', 'Whatsapp Renan', '2020-08-03', '89551127439000293955', 39, 9, 1, 30, 24, 53, 10, 1, 1, 1, 'José Lopes\r\n', NULL, NULL),
	(49, '27992720266', 'Whatsapp Renan', '2020-08-03', '89551127639000398395', 39, 9, 1, 30, 24, 53, 10, 1, 1, 1, 'José Lopes\r\n', NULL, NULL),
	(50, '27997101067', 'Emprestado Para Renan Fae', '2020-08-03', '89551127139000813972', 48, 9, 1, 30, 24, 53, 10, 1, 1, 1, 'José Lopes\r\n', NULL, NULL),
	(51, '27981279854', 'Sayonara da Rocha Brandao', '2020-08-03', 'SEM ID', 55, 1, 1, 64, 15, 8, 9, 1, 3, 1, 'José Lopes', '_', '2020-08-17 18:44:44'),
	(52, '27999789769', 'Abdo Chequer Bou-Habib', '2020-08-03', '89551127139000060574', 23, 9, 1, 47, 26, 1, 7, 1, 3, 1, 'José Lopes\r\n', NULL, NULL),
	(53, '27992262456', 'Adalberto Fialho Mota Jun', '2020-08-03', '89551127639000341049', 14, 9, 1, 12, 27, 23, 9, 1, 3, 1, 'José Lopes\r\n', NULL, NULL),
	(54, '27998269148', 'Adinalte João Beltrame ( ', '2020-08-03', '89551127139000814707', 23, 9, 1, 32, 28, 2, 9, 1, 3, 1, 'José Lopes\r\n', NULL, NULL),
	(55, '27981397545', 'Adinalte Joao Beltrame V', '2020-08-03', '89551130135001852469', 23, 9, 1, 32, 28, 2, 9, 1, 3, 1, 'José Lopes\r\n', NULL, NULL),
	(56, '27998485842', 'Adinalte Joao Beltrame V', '2020-08-03', 'SEM ID', 23, 9, 1, 32, 28, 2, 9, 1, 3, 1, 'José Lopes\r\n', NULL, NULL),
	(57, '27999277083', 'Adinalte Joao Beltrame V', '2020-08-03', 'SEM ID', 23, 9, 1, 32, 28, 2, 9, 1, 3, 1, 'José Lopes\r\n', NULL, NULL),
	(58, '27999890776', 'Adinalte Joao Beltrame V', '2020-08-03', 'SEM ID', 23, 9, 1, 32, 28, 2, 9, 1, 3, 1, 'José Lopes\r\n', NULL, NULL),
	(59, '27997163466', 'Adinalte Joao Beltrame V', '2020-08-03', 'SEM ID', 23, 9, 1, 32, 28, 2, 10, 1, 1, 1, 'José Lopes\r\n', NULL, NULL),
	(60, '27999837698', 'Adinalte Joao Beltrame V', '2020-08-03', '89551127139000060426', 23, 9, 1, 32, 28, 2, 7, 1, 3, 1, 'José Lopes\r\n', NULL, NULL),
	(61, '27995109262', 'Adinalte Joao Beltrame V', '2020-08-03', '89551127639001947232', 23, 9, 1, 32, 28, 2, 13, 1, 2, 1, 'José Lopes\r\n', NULL, NULL),
	(62, '27992431400', 'Aglisson - Whatsapp', '2020-08-03', 'SEM ID', 73, 7, 1, 29, 9, 3, 10, 1, 3, 1, 'José Lopes\r\n', NULL, NULL),
	(63, '28999085366', 'Cristiane da Silva Rosa C', '2020-08-03', 'SEM ID', 36, 7, 1, 42, 10, 10, 9, 1, 3, 1, 'José Lopes\r\n', NULL, NULL),
	(64, '27998517767', 'Ana Isabella Almeida Fari', '2020-08-03', 'SEM ID', 63, 9, 1, 42, 10, 10, 9, 1, 3, 1, 'José Lopes\r\n', NULL, NULL),
	(65, '27996974519', 'Caroline Farias', '2020-08-03', '89551127439000039507', 21, 7, 1, 52, 29, 32, 9, 1, 3, 1, 'José Lopes\r\n', NULL, NULL),
	(66, '27999938076', 'Andre Hees de Carvalho', '2020-08-03', 'SEM ID', 28, 7, 1, 20, 30, 6, 7, 1, 3, 1, 'José Lopes\r\n', NULL, NULL),
	(67, '27995115571', 'Julia P. Bravo ', '2020-08-03', 'SEM ID', 12, 7, 1, 48, 7, 9, 13, 1, 2, 1, 'José Lopes\r\n', NULL, NULL),
	(68, '27997144431', 'Andre Luis Furlanetto Pac', '2020-08-03', '89551127639001640316', 24, 9, 1, 45, 31, 7, 9, 1, 3, 1, 'José Lopes\r\n', NULL, NULL),
	(69, '27998706201', 'Davi Wescley Dos Santos', '2020-08-03', '89551127139000060475', 60, 9, 1, 12, 91, 40, 9, 1, 3, 1, 'José Lopes\r\n', NULL, NULL),
	(70, '27998364107', 'André Santanna (Motorista', '2020-08-03', 'SEM ID', 51, 7, 1, 82, 32, 35, 10, 1, 1, 1, 'José Lopes\r\n', NULL, NULL),
	(71, '27992453417', 'Andre Viana', '2020-08-03', '89551127639000396621', 2, 9, 1, 73, 33, 58, 9, 1, 3, 1, 'José Lopes\r\n', NULL, NULL),
	(72, '27998706656', 'Andreia Carolina Lima Ros', '2020-08-03', 'SEM ID', 12, 7, 1, 12, 34, 21, 7, 1, 3, 1, 'José Lopes\r\n', NULL, NULL),
	(73, '27997532739', 'Wagner Coutinho Rogério', '2020-08-03', '89551127639001640340', 12, 7, 1, 12, 34, 21, 9, 1, 3, 1, 'José Lopes\r\n', NULL, NULL),
	(74, '27992490456', 'Angela Theodoro de Souza', '2020-08-03', 'SEM ID', 12, 7, 1, 48, 7, 9, 9, 1, 3, 1, 'José Lopes\r\n', NULL, NULL),
	(75, '27992345530', 'Vinicius Baptista Dos Anj', '2020-08-03', 'SEM ID', 28, 12, 1, 77, 6, 17, 12, 1, 2, 1, 'José Lopes\r\n', NULL, NULL),
	(76, '27999950753', 'Angelo Dias', '2020-08-03', 'SEM ID', 20, 7, 1, 12, 35, 13, 9, 1, 3, 1, 'José Lopes\r\n', NULL, NULL),
	(77, '27999697231', 'Antonio Cinelli', '2020-08-03', 'SEM ID', 71, 9, 1, 81, 11, 56, 9, 1, 3, 1, 'José Lopes\r\n', NULL, NULL),
	(78, '28999452971', 'Beatriz Caliman da Silva', '2020-08-03', '89551127639000341361', 60, 7, 1, 71, 37, 4, 7, 1, 3, 1, 'José Lopes\r\n', NULL, NULL),
	(79, '27995117479', 'Benfica(Identificar)', '2020-08-03', '89551127639001947000', 47, 9, 1, 40, 11, 20, 13, 4, 2, 1, 'José Lopes\r\n', NULL, NULL),
	(80, '27995117391', 'Benfica(Identificar)', '2020-08-03', '89551127639001947018', 47, 9, 1, 40, 11, 20, 13, 1, 2, 1, 'José Lopes\r\n', NULL, NULL),
	(81, '27995117130', 'ManuTV - Vinicius', '2020-08-03', '89551127639001947034', 47, 9, 1, 40, 11, 20, 13, 1, 2, 1, 'José Lopes\r\n', NULL, NULL),
	(82, '27995115835', 'ManuTV - Vinicius', '2020-08-03', '89551127639001947067', 47, 9, 1, 40, 11, 20, 13, 4, 2, 1, 'José Lopes\r\n', NULL, NULL),
	(83, '27995115112', 'Benfica (Identificar)', '2020-08-03', '89551127639001947083', 47, 9, 1, 40, 11, 20, 13, 4, 2, 1, 'José Lopes\r\n', NULL, NULL),
	(84, '27995114733', 'Manutv - Vinicius', '2020-08-03', '89551127639001947109', 47, 9, 1, 40, 11, 20, 13, 1, 2, 1, 'José Lopes\r\n', NULL, NULL),
	(85, '27995113307', 'Manutv - Vinicius', '2020-08-03', '89551127639001947133', 47, 9, 1, 40, 11, 61, 13, 1, 2, 1, 'José Lopes\r\n', NULL, NULL),
	(86, '27992240765', 'Bloqueada Gestor', '2020-08-03', 'SEM ID', 34, 7, 1, 66, 3, 35, 10, 1, 3, 1, 'José Lopes\r\n', NULL, NULL),
	(87, '27992271945', 'Bloqueada Gestor', '2020-08-03', 'SEM ID', 34, 7, 1, 66, 3, 35, 10, 1, 1, 1, 'José Lopes\r\n', NULL, NULL),
	(88, '27992279409', 'Bloqueada Gestor', '2020-08-03', 'SEM ID', 34, 7, 1, 66, 3, 35, 10, 1, 3, 1, 'José Lopes\r\n', NULL, NULL),
	(89, '27992285585', 'Bloqueada Gestor', '2020-08-03', 'SEM ID', 34, 7, 1, 66, 3, 35, 10, 1, 1, 1, 'José Lopes\r\n', NULL, NULL),
	(90, '27992290878', 'Bloqueada Gestor', '2020-08-03', 'SEM ID', 34, 7, 1, 66, 3, 35, 10, 1, 1, 1, 'José Lopes\r\n', NULL, NULL),
	(91, '27992292885', 'Bloqueada Gestor', '2020-08-03', 'SEM ID', 34, 7, 1, 66, 3, 35, 10, 1, 3, 1, 'José Lopes\r\n', NULL, NULL),
	(92, '27992458403', 'Bloqueada Gestor', '2020-08-03', 'SEM ID', 34, 9, 1, 66, 3, 35, 10, 1, 1, 1, 'José Lopes\r\n', NULL, NULL),
	(93, '27992399228', 'Bloqueada Gestor', '2020-08-03', 'SEM ID', 34, 7, 1, 66, 3, 35, 10, 1, 1, 1, 'José Lopes\r\n', NULL, NULL),
	(94, '27992431685', 'Bloqueada Gestor', '2020-08-03', 'SEM ID', 53, 7, 1, 66, 3, 35, 10, 1, 1, 1, 'José Lopes\r\n', NULL, NULL),
	(95, '27992570859', 'Bloqueada Gestor', '2020-08-03', 'SEM ID', 53, 7, 1, 66, 3, 35, 10, 1, 3, 1, 'José Lopes\r\n', NULL, NULL),
	(96, '27992571467', 'Bloqueada Gestor', '2020-08-03', 'SEM ID', 53, 7, 1, 66, 3, 35, 10, 1, 1, 1, 'José Lopes\r\n', NULL, NULL),
	(97, '27992571516', 'Bloqueada Gestor', '2020-08-03', 'SEM ID', 53, 7, 1, 66, 3, 35, 10, 1, 3, 1, 'José Lopes\r\n', NULL, NULL),
	(98, '27992575073', 'Bloqueada Gestor', '2020-08-03', 'SEM ID', 53, 7, 1, 66, 3, 35, 10, 1, 1, 1, 'José Lopes\r\n', NULL, NULL),
	(99, '27992579628', 'Telejorn. (A Disp.)', '2020-08-03', 'SEM ID', 59, 9, 1, 64, 15, 8, 8, 1, 3, 1, 'José Lopes\r\n', NULL, NULL),
	(100, '27992598759', 'Bloqueada Gestor', '2020-08-03', 'SEM ID', 53, 7, 1, 66, 3, 35, 10, 1, 1, 1, 'José Lopes\r\n', NULL, NULL),
	(101, '27998704325', 'Bloqueada Gestor', '2020-08-03', 'SEM ID', 67, 7, 1, 66, 3, 35, 10, 1, 1, 1, 'José Lopes\r\n', NULL, NULL),
	(102, '27996988230', 'Bloqueada Gestor', '2020-08-03', '89551127439000039531', 34, 9, 1, 66, 3, 35, 10, 4, 1, 1, 'José Lopes\r\n', NULL, NULL),
	(103, '27995091764', 'Bloqueada Gestor', '2020-08-03', '89551127439000039549', 34, 9, 1, 66, 3, 35, 10, 4, 1, 1, 'José Lopes\r\n', NULL, NULL),
	(104, '27995094717', 'Bloqueada Gestor', '2020-08-03', '89551127439000039556', 34, 9, 1, 66, 3, 35, 10, 4, 1, 1, 'José Lopes\r\n', NULL, NULL),
	(105, '27997163312', 'Bloqueada Gestor', '2020-08-03', 'SEM ID', 34, 7, 1, 66, 3, 35, 10, 2, 1, 1, 'José Lopes\r\n', NULL, NULL),
	(106, '27999859294', 'Bruno Araujo Izidoro Pere', '2020-08-03', 'SEM ID', 40, 9, 1, 42, 10, 10, 9, 1, 3, 1, 'José Lopes\r\n', NULL, NULL),
	(107, '27981358288', 'Bruno Dalvi Rampinelli', '2020-08-03', 'SEM ID', 28, 9, 1, 64, 38, 8, 7, 1, 3, 1, 'José Lopes\r\n', NULL, NULL),
	(108, '28999441380', 'Bruno Passoni', '2020-08-03', '89551127439000293930', 14, 10, 1, 84, 39, 33, 9, 1, 3, 1, 'José Lopes\r\n', NULL, NULL),
	(109, '27999896093', 'Carie - Carlos Lind. Filh', '2020-08-03', 'SEM ID', 23, 9, 1, 15, 40, 18, 10, 1, 1, 1, 'José Lopes\r\n', NULL, NULL),
	(110, '27999845201', 'Carie - Carlos Lind. Filh', '2020-08-03', 'SEM ID', 23, 9, 1, 15, 40, 18, 10, 1, 1, 1, 'José Lopes\r\n', NULL, NULL),
	(111, '27999815420', 'Carla Sobreira Gomes de O', '2020-08-03', 'SEM ID', 17, 7, 1, 18, 5, 14, 7, 1, 3, 1, 'José Lopes\r\n', NULL, NULL),
	(112, '27999100549', 'Carla Sobreira Gomes de O', '2020-08-03', 'SEM ID', 17, 7, 1, 18, 5, 14, 13, 1, 2, 1, 'José Lopes\r\n', NULL, NULL),
	(113, '27981372814', 'Carlos Alberto da Silva', '2020-08-03', 'SEM ID', 37, 7, 1, 27, 41, 6, 7, 1, 3, 1, 'José Lopes\r\n', NULL, NULL),
	(114, '27993165219', ' Mariana Tavares de Menez', '2020-08-03', 'SEM ID', 64, 9, 1, 26, 42, 27, 9, 1, 3, 1, 'José Lopes\r\n', NULL, NULL),
	(115, '27995257784', 'Carlos Eduardo Dutra', '2020-08-03', '89551127439000039515', 17, 9, 1, 17, 7, 50, 9, 1, 3, 1, 'José Lopes\r\n', NULL, NULL),
	(116, '27999430591', 'Carlos Eduardo Pena', '2020-08-03', 'SEM ID', 23, 12, 1, 34, 43, 17, 9, 1, 3, 1, 'José Lopes\r\n', NULL, NULL),
	(117, '27997470225', 'Carlos Fernando Lindenber', '2020-08-03', 'SEM ID', 48, 7, 1, 53, 3, 19, 7, 1, 3, 1, 'José Lopes\r\n', NULL, NULL),
	(118, '27999811760', 'Carlos Fernando Monteiro ', '2020-08-03', 'SEM ID', 23, 7, 1, 53, 3, 19, 9, 1, 3, 1, 'José Lopes\r\n', NULL, NULL),
	(119, '27999617717', 'Carlos Gonzaga Sousa Filh', '2020-08-03', 'SEM ID', 17, 9, 1, 7, 44, 27, 9, 1, 3, 1, 'José Lopes\r\n', NULL, NULL),
	(120, '27999816158', 'Carlos Henrique Benfica N', '2020-08-03', 'SEM ID', 39, 9, 1, 40, 11, 20, 9, 1, 3, 1, 'José Lopes\r\n', NULL, NULL),
	(121, '27999860352', 'Carro de Externa (Doblo 1', '2020-08-03', 'SEM ID', 42, 9, 1, 40, 11, 20, 10, 1, 1, 1, 'José Lopes\r\n', NULL, NULL),
	(122, '27999860092', 'Carro de Externa (Doblo 2', '2020-08-03', 'SEM ID', 42, 9, 1, 40, 11, 20, 10, 1, 1, 1, 'José Lopes\r\n', NULL, NULL),
	(123, '27996439504', 'CBK - ManuTV', '2020-08-03', '89551127139000814764', 47, 9, 1, 40, 11, 20, 10, 1, 1, 1, 'José Lopes\r\n', NULL, NULL),
	(124, '27998553160', 'CBK - ManuTV', '2020-08-03', '89551127639001640373', 71, 9, 1, 40, 11, 20, 10, 1, 1, 1, 'José Lopes\r\n', NULL, NULL),
	(125, '27996436546', 'CBK - ManuTV', '2020-08-03', 'SEM ID', 71, 9, 1, 40, 11, 20, 10, 1, 1, 1, 'José Lopes\r\n', NULL, NULL),
	(126, '27992942835', 'CBK - ManuTV', '2020-08-03', 'SEM ID', 71, 9, 2, 40, 11, 61, 2, 1, 3, 1, 'José Lopes\r\n', NULL, NULL),
	(127, '27992947749', 'CBK - ManuTV', '2020-08-03', 'SEM ID', 71, 9, 2, 40, 11, 61, 2, 1, 3, 1, 'José Lopes\r\n', NULL, NULL),
	(128, '27992964916', 'CBK - ManuTV', '2020-08-03', 'SEM ID', 71, 9, 2, 40, 11, 61, 2, 1, 3, 1, 'José Lopes\r\n', NULL, NULL),
	(129, '27992971685', 'CBK - ManuTV', '2020-08-03', 'SEM ID', 71, 9, 2, 40, 11, 61, 2, 1, 3, 1, 'José Lopes\r\n', NULL, NULL),
	(130, '27998515429', 'Cesar Carreiro Fernandes', '2020-08-03', 'SEM ID', 29, 9, 1, 7, 45, 27, 7, 1, 3, 1, 'José Lopes\r\n', NULL, NULL),
	(131, '27981358316', 'Cinegrafia 1  (A Disp.)', '2020-08-03', 'SEM ID', 11, 9, 1, 7, 44, 27, 9, 1, 3, 1, 'José Lopes\r\n', NULL, NULL),
	(132, '27981358293', 'Cinegrafia 2 (A Disp.)', '2020-08-03', 'SEM ID', 11, 9, 1, 7, 44, 27, 10, 1, 3, 1, 'José Lopes\r\n', NULL, NULL),
	(133, '27981358308', 'Cinegrafia 4 (A Disp.)', '2020-08-03', 'SEM ID', 11, 9, 1, 7, 44, 27, 10, 1, 3, 1, 'José Lopes\r\n', NULL, NULL),
	(134, '27992543161', 'Claro - PABX', '2020-08-03', '89550534220001914883', 42, 9, 3, 66, 3, 35, 1, 1, 3, 1, 'José Lopes\r\n', NULL, NULL),
	(135, '27992546448', 'Claro - PABX', '2020-08-03', '89550534220001914891', 42, 9, 3, 66, 3, 35, 1, 1, 3, 1, 'José Lopes\r\n', NULL, NULL),
	(136, '27992270320', 'Claro Estoque', '2020-08-03', '89550534220001914917', 34, 9, 3, 66, 3, 35, 1, 4, 3, 1, 'José Lopes\r\n', NULL, NULL),
	(137, '27992299306', 'Claro Estoque', '2020-08-03', '89550534220001914933', 34, 9, 3, 66, 3, 35, 1, 4, 3, 1, 'José Lopes\r\n', NULL, NULL),
	(138, '27992943027', 'Claro Estoque', '2020-08-03', '89550534220001914925', 34, 9, 3, 66, 3, 35, 2, 4, 1, 1, 'José Lopes\r\n', NULL, NULL),
	(139, '27999937736', 'Clube do Assinante', '2020-08-03', 'SEM ID', 52, 7, 1, 43, 46, 12, 10, 1, 1, 1, 'José Lopes\r\n', NULL, NULL),
	(140, '27999862115', 'Clube do Assinante', '2020-08-03', 'SEM ID', 17, 7, 1, 5, 46, 52, 10, 1, 1, 1, 'José Lopes\r\n', NULL, NULL),
	(141, '27999789792', 'Comunicação Interna', '2020-08-03', 'SEM ID', 39, 9, 1, 3, 47, 38, 7, 1, 3, 1, 'José Lopes\r\n', NULL, NULL),
	(142, '27992343347', 'Dalva de Souza Cardozo', '2020-08-03', 'SEM ID', 14, 7, 1, 12, 48, 23, 9, 1, 3, 1, 'José Lopes\r\n', NULL, NULL),
	(143, '27998364089', 'Daniel Carraretto', '2020-08-03', 'SEM ID', 3, 9, 1, 62, 7, 16, 9, 1, 3, 1, 'José Lopes\r\n', NULL, NULL),
	(144, '27992290646', 'Daniela Lobo da Silva', '2020-08-03', 'SEM ID', 64, 2, 1, 12, 49, 21, 9, 1, 3, 1, 'José Lopes\r\n', NULL, NULL),
	(145, '27998485856', 'Deverson Clemencio', '2020-08-03', 'SEM ID', 64, 9, 1, 75, 50, 39, 7, 1, 3, 1, 'José Lopes\r\n', NULL, NULL),
	(146, '27995109830', 'Estoque', '2020-08-03', '89551127639001947216', 16, 9, 1, 9, 51, 26, 13, 1, 2, 1, 'José Lopes\r\n', NULL, NULL),
	(147, '27995113284', 'Diego Eduardo de Lucena', '2020-08-03', '89551127439000773022', 18, 9, 1, 29, 51, 15, 13, 3, 2, 1, 'José Lopes\r\n', NULL, NULL),
	(148, '27996600322', 'Estoque', '2020-08-03', 'SEM ID', 14, 9, 1, 9, 51, 26, 9, 1, 3, 1, 'José Lopes\r\n', NULL, NULL),
	(149, '27992253944', 'Edilio Silva de Santana', '2020-08-03', 'SEM ID', 58, 7, 1, 25, 16, 59, 10, 1, 3, 1, 'José Lopes\r\n', NULL, NULL),
	(150, '27999413712', 'Editoria de Policia - A D', '2020-08-03', '89551127639000341098', 60, 7, 1, 54, 9, 6, 9, 1, 3, 1, 'José Lopes\r\n', NULL, NULL),
	(151, '27998511328', 'Disponível', '2020-08-03', 'SEM ID', 64, 8, 1, 67, 3, 57, 9, 1, 3, 1, 'José Lopes\r\n', NULL, NULL),
	(152, '27981372813', 'Eduardo Felipe Fachetti L', '2020-08-03', 'SEM ID', 39, 9, 1, 14, 52, 11, 10, 1, 3, 1, 'José Lopes\r\n', NULL, NULL),
	(153, '27999733514', 'Eduardo Lindemberg', '2020-08-03', '89551127139000060418', 23, 9, 1, 53, 53, 19, 9, 1, 3, 1, 'José Lopes\r\n', NULL, NULL),
	(154, '27999305736', 'Polliany Teotonio de Oliv', '2020-08-03', '89551127639001640381', 8, 9, 1, 68, 3, 35, 7, 1, 3, 1, 'José Lopes\r\n', NULL, NULL),
	(155, '27992932602', 'Emerson Minini de Souza', '2020-08-03', 'SEM ID', 14, 7, 1, 12, 54, 40, 7, 1, 3, 1, 'José Lopes\r\n', NULL, NULL),
	(156, '28999774912', 'Empresa Radio Difusora Lt', '2020-08-03', 'SEM ID', 34, 6, 1, 66, 55, 35, 9, 1, 3, 1, 'José Lopes\r\n', NULL, NULL),
	(157, '28998857120', 'Equipe de Engenharia', '2020-08-03', 'SEM ID', 50, 10, 1, 74, 14, 42, 7, 1, 3, 1, 'José Lopes\r\n', NULL, NULL),
	(158, '27992354647', 'Equipe de Marketing', '2020-08-03', 'SEM ID', 6, 9, 1, 16, 10, 10, 9, 1, 3, 1, 'José Lopes\r\n', NULL, NULL),
	(159, '27999966274', 'Estoque', '2020-08-03', 'SEM ID', 51, 7, 1, 82, 3, 35, 10, 1, 1, 1, 'José Lopes\r\n', NULL, NULL),
	(160, '27981385520', 'Rossieni Rodrigues Duraes', '2020-08-03', '89551127639000341809', 36, 7, 1, 44, 56, 54, 10, 1, 3, 1, 'José Lopes\r\n', NULL, NULL),
	(161, '28999819994', 'Estoque', '2020-08-03', 'SEM ID', 34, 7, 1, 66, 3, 35, 10, 1, 1, 1, 'José Lopes\r\n', NULL, NULL),
	(162, '27992458570', 'Estoque - G1', '2020-08-03', 'SEM ID', 16, 9, 1, 9, 51, 24, 5, 1, 3, 1, 'José Lopes\r\n', NULL, NULL),
	(163, '27995116681', 'CBK - ManuTV', '2020-08-03', '89551127639001947042', 71, 9, 1, 40, 11, 20, 13, 4, 2, 1, 'José Lopes\r\n', NULL, NULL),
	(164, '28999531775', 'Estoque Tv Sul - Parada', '2020-08-03', '356160066008501', 14, 10, 1, 84, 39, 33, 7, 1, 3, 1, 'José Lopes\r\n', NULL, NULL),
	(165, '28999183488', 'Estudio Litoral - Promoçã', '2020-08-03', 'SEM ID', 14, 6, 1, 11, 57, 43, 9, 1, 3, 1, 'José Lopes\r\n', NULL, NULL),
	(166, '27998512196', 'Fabio Correa Botacin', '2020-08-03', 'SEM ID', 27, 1, 1, 46, 25, 25, 9, 1, 3, 1, 'José Lopes\r\n', NULL, NULL),
	(167, '27992243846', 'Felipe Medeiros Lopes Cou', '2020-08-03', 'SEM ID', 36, 7, 1, 12, 54, 23, 7, 1, 3, 1, 'José Lopes\r\n', NULL, NULL),
	(168, '27992994298', 'Fernanda de Queiroz Castr', '2020-08-03', 'SEM ID', 27, 9, 1, 46, 25, 25, 9, 1, 3, 1, 'José Lopes\r\n', NULL, NULL),
	(169, '27992393246', 'Fernanda Ferreira Gomes', '2020-08-03', 'SEM ID', 14, 9, 1, 12, 58, 21, 7, 1, 3, 1, 'José Lopes\r\n', NULL, NULL),
	(170, '27999789576', 'Milson Bonomo - Moden', '2020-08-03', 'SEM ID', 39, 12, 1, 74, 6, 45, 9, 1, 3, 1, 'José Lopes\r\n', NULL, NULL),
	(171, '27981372809', 'Fernando Madeira', '2020-08-03', 'SEM ID', 37, 7, 1, 27, 41, 6, 9, 1, 3, 1, 'José Lopes\r\n', NULL, NULL),
	(172, '28999083384', 'Fernando Moreira', '2020-08-03', 'SEM ID', 46, 6, 1, 57, 57, 33, 7, 1, 3, 1, 'José Lopes\r\n', NULL, NULL),
	(173, '27999617713', 'G.Produc. (A Disp.)', '2020-08-03', 'SEM ID', 56, 9, 1, 7, 44, 27, 10, 1, 1, 1, 'José Lopes\r\n', NULL, NULL),
	(174, '27998518462', 'Gabriel Alves Moura', '2020-08-03', 'SEM ID', 66, 9, 1, 7, 59, 27, 9, 1, 3, 1, 'José Lopes\r\n', NULL, NULL),
	(175, '27997797695', 'Gazeta Box 1 - Daniel Car', '2020-08-03', '89551127639002094844', 39, 9, 1, 17, 7, 50, 9, 1, 3, 1, 'José Lopes\r\n', NULL, NULL),
	(176, '27995111536', 'Gazeta Fm', '2020-08-03', '89551127639001947182', 76, 5, 1, 58, 60, 53, 13, 2, 2, 1, 'José Lopes\r\n', NULL, NULL),
	(177, '27998006135', 'Gazeta Online', '2020-08-03', 'SEM ID', 38, 7, 1, 29, 41, 3, 7, 1, 3, 1, 'José Lopes\r\n', NULL, NULL),
	(178, '27998364063', 'Gazeta Online', '2020-08-03', 'SEM ID', 44, 7, 1, 29, 41, 3, 7, 1, 3, 1, 'José Lopes\r\n', NULL, NULL),
	(179, '27999789873', 'Gazeta Online', '2020-08-03', 'SEM ID', 59, 7, 1, 29, 41, 3, 10, 1, 1, 1, 'José Lopes\r\n', NULL, NULL),
	(180, '27995107265', 'Gazeta Online - Moden 4G', '2020-08-03', '89551127639001947356', 44, 7, 1, 29, 41, 3, 13, 1, 2, 1, 'José Lopes\r\n', NULL, NULL),
	(181, '27998706469', 'Estoque', '2020-08-03', '89551127639000329614', 47, 7, 1, 66, 3, 35, 11, 1, 3, 1, 'José Lopes\r\n', NULL, NULL),
	(182, '27992346755', 'Giliard Ferreira de Jesus', '2020-08-03', '89551127639000341072', 14, 9, 1, 12, 61, 21, 9, 1, 3, 1, 'José Lopes\r\n', NULL, NULL),
	(183, '27981358290', 'Giovana Lanna Dobal', '2020-08-03', 'SEM ID', 60, 9, 1, 64, 15, 8, 9, 1, 3, 1, 'José Lopes\r\n', NULL, NULL),
	(184, '27981438482', 'Sofia', '2020-08-03', 'SEM ID', 37, 7, 1, 27, 41, 63, 9, 1, 3, 1, 'José Lopes\r\n', NULL, NULL),
	(185, '27999789897', 'Helder Luciano de Oliveir', '2020-08-03', '89551127139000060400', 23, 7, 1, 66, 3, 28, 9, 1, 3, 1, 'José Lopes\r\n', NULL, NULL),
	(186, '27992480054', 'Ronaldo Henrique da Cruz', '2020-08-03', 'SEM ID', 36, 9, 1, 10, 34, 51, 5, 1, 3, 1, 'José Lopes\r\n', NULL, NULL),
	(187, '27992346828', 'Hugo Batista Prudêncio', '2020-08-03', 'SEM ID', 14, 7, 1, 44, 62, 40, 9, 1, 3, 1, 'José Lopes\r\n', NULL, NULL),
	(188, '27999463531', 'Informatica Moden Antigo', '2020-08-03', 'SEM ID', 48, 7, 1, 75, 50, 39, 10, 2, 1, 1, 'José Lopes\r\n', NULL, NULL),
	(189, '27999639525', 'Ivan Henrique Seatttle Re', '2020-08-03', '89551127139000813865', 39, 7, 1, 12, 48, 40, 9, 1, 3, 1, 'José Lopes\r\n', NULL, NULL),
	(190, '27999016435', 'Jocimar Breda', '2020-08-03', 'SEM ID', 63, 9, 1, 53, 28, 19, 9, 1, 3, 1, 'José Lopes\r\n', NULL, NULL),
	(191, '27997206960', 'Joelder', '2020-08-03', '89551127139000813931', 23, 10, 1, 74, 14, 33, 10, 1, 3, 1, 'José Lopes\r\n', NULL, NULL),
	(192, '27997981808', 'Mario Augusto da Silva Bo', '2020-08-03', '89551127439000020507', 60, 9, 1, 64, 15, 8, 7, 1, 3, 1, 'José Lopes\r\n', NULL, NULL),
	(193, '27992480363', 'Jornalismo Tv Norte', '2020-08-03', '89551127639000329481', 17, 12, 1, 37, 6, 62, 9, 1, 3, 1, 'José Lopes\r\n', NULL, NULL),
	(194, '27981358291', 'Jose Lopes Dos Santos Roc', '2020-08-03', 'SEM ID', 17, 7, 1, 66, 3, 35, 9, 1, 3, 1, 'José Lopes\r\n', NULL, NULL),
	(195, '27999739122', 'Jose Zacarias Chinelato', '2020-08-03', 'SEM ID', 9, 7, 1, 39, 64, 56, 10, 1, 1, 1, 'José Lopes\r\n', NULL, NULL),
	(196, '27998706823', 'Kaique Verli de Souza', '2020-08-03', 'SEM ID', 60, 1, 1, 46, 25, 25, 9, 1, 3, 1, 'José Lopes\r\n', NULL, NULL),
	(197, '27998510304', 'Kassius Vinicius Sipolati', '2020-08-03', 'SEM ID', 34, 9, 1, 7, 65, 27, 9, 1, 3, 1, 'José Lopes\r\n', NULL, NULL),
	(198, '27995163789', 'Leandro - Opec Tv', '2020-08-03', 'SEM ID', 25, 9, 1, 50, 29, 31, 9, 1, 3, 1, 'José Lopes\r\n', NULL, NULL),
	(199, '27992491889', 'Leila Marchesi Lima', '2020-08-03', '89551127639000341502', 14, 9, 1, 12, 61, 21, 7, 1, 3, 1, 'José Lopes\r\n', NULL, NULL),
	(200, '27999697234', 'Leonardo Marini Leal', '2020-08-03', 'SEM ID', 71, 9, 1, 39, 66, 56, 9, 1, 3, 1, 'José Lopes\r\n', NULL, NULL),
	(201, '27999824592', 'Leticia Paoliello Lindenb', '2020-08-03', '89551127139000060590', 23, 9, 1, 3, 67, 37, 6, 1, 3, 1, 'José Lopes\r\n', NULL, NULL),
	(202, '27995110372', 'Edson Guidoni de Oliveira', '2020-08-03', '89551127639001947190', 34, 7, 1, 43, 68, 12, 13, 1, 2, 1, 'José Lopes\r\n', NULL, NULL),
	(203, '27995108062', 'Linha Nova - Dados', '2020-08-03', '89551127639001947299', 34, 9, 1, 66, 3, 35, 13, 4, 2, 1, 'José Lopes\r\n', NULL, NULL),
	(204, '27999861050', 'Litoral  (Só Rec. Sms)', '2020-08-03', 'SEM ID', 65, 2, 1, 60, 22, 53, 10, 1, 1, 1, 'José Lopes\r\n', NULL, NULL),
	(205, '27999463013', 'Litoral Vitoria', '2020-08-03', '89551127139000813881', 76, 2, 1, 60, 22, 53, 7, 1, 3, 1, 'José Lopes\r\n', NULL, NULL),
	(206, '28999861402', 'Luciana Vinco Pereira', '2020-08-03', '356160066007925', 14, 10, 1, 84, 39, 33, 10, 1, 1, 1, 'José Lopes\r\n', NULL, NULL),
	(207, '27981358262', 'Luciano Faco', '2020-08-03', 'SEM ID', 64, 9, 1, 75, 50, 39, 9, 1, 3, 1, 'José Lopes\r\n', NULL, NULL),
	(208, '27999859606', 'Luiz Guilherme de Melo', '2020-08-03', 'SEM ID', 14, 7, 1, 12, 48, 23, 9, 1, 3, 1, 'José Lopes\r\n', NULL, NULL),
	(209, '27981358294', 'Manut. Eletrica', '2020-08-03', 'SEM ID', 31, 7, 1, 39, 64, 56, 10, 1, 3, 1, 'José Lopes\r\n', NULL, NULL),
	(210, '27999364672', 'Manut. Tv - Accesso Litor', '2020-08-03', 'SEM ID', 48, 9, 1, 40, 11, 20, 13, 1, 2, 1, 'José Lopes\r\n', NULL, NULL),
	(211, '27999095462', 'Manut. Tv (A Disp.)', '2020-08-03', 'SEM ID', 71, 9, 1, 40, 11, 20, 10, 1, 3, 1, 'José Lopes\r\n', NULL, NULL),
	(212, '27999095463', 'Manut. Tv (A Disp.)', '2020-08-03', 'SEM ID', 71, 9, 1, 40, 11, 20, 10, 1, 1, 1, 'José Lopes\r\n', NULL, NULL),
	(213, '27998706176', 'Manut. Tv (Mochilink0. Vo', '2020-08-03', 'SEM ID', 71, 9, 1, 40, 11, 20, 10, 1, 1, 1, 'José Lopes\r\n', NULL, NULL),
	(214, '27998364055', 'Manut. Tv (Mochilink0. Vo', '2020-08-03', 'SEM ID', 71, 9, 1, 40, 11, 20, 10, 1, 3, 1, 'José Lopes\r\n', NULL, NULL),
	(215, '27999056874', 'Manut. Tv (Modem 3G Tv Di', '2020-08-03', 'SEM ID', 48, 9, 1, 81, 11, 56, 13, 1, 2, 1, 'José Lopes\r\n', NULL, NULL),
	(216, '27999072059', 'Manut. Tv (Modem 4G)  Mo', '2020-08-03', 'SEM ID', 48, 9, 1, 40, 11, 20, 13, 1, 2, 1, 'José Lopes\r\n', NULL, NULL),
	(217, '27995092657', 'Manut.Tv (Moden 3G)', '2020-08-03', '89551127439000039564', 39, 9, 1, 40, 11, 20, 9, 1, 3, 1, 'José Lopes\r\n', NULL, NULL),
	(218, '27999860450', 'Manut.Tv (Plantão)', '2020-08-03', 'SEM ID', 71, 9, 1, 40, 11, 20, 10, 1, 1, 1, 'José Lopes\r\n', NULL, NULL),
	(219, '27995108909', 'Manutenção Em Campo - Tel', '2020-08-03', '89551127639001947240', 34, 10, 1, 66, 3, 35, 13, 4, 2, 1, 'José Lopes\r\n', NULL, NULL),
	(220, '27992455519', 'Manutv - (Modem 4G)', '2020-08-03', 'SEM ID', 47, 9, 1, 40, 11, 20, 9, 1, 3, 1, 'José Lopes\r\n', NULL, NULL),
	(221, '27981358303', 'Manutv - Benfica Novo', '2020-08-03', 'SEM ID', 71, 9, 1, 40, 11, 20, 9, 1, 3, 1, 'José Lopes\r\n', NULL, NULL),
	(222, '27981358298', 'Manutv - Benfica Novo', '2020-08-03', 'SEM ID', 71, 9, 1, 40, 11, 20, 9, 1, 3, 1, 'José Lopes\r\n', NULL, NULL),
	(223, '27992418205', 'Manutv - Benfica Novo', '2020-08-03', 'SEM ID', 71, 9, 1, 40, 11, 20, 9, 1, 3, 1, 'José Lopes\r\n', NULL, NULL),
	(224, '27992720233', 'Manutv - Benfica Novo', '2020-08-03', 'SEM ID', 71, 9, 1, 40, 11, 20, 9, 1, 3, 1, 'José Lopes\r\n', NULL, NULL),
	(225, '27981358309', 'Manutv - Benfica Novo', '2020-08-03', 'SEM ID', 71, 9, 1, 40, 11, 20, 9, 1, 3, 1, 'José Lopes\r\n', NULL, NULL),
	(226, '27999494013', 'Manutv - Voz', '2020-08-03', 'SEM ID', 71, 9, 1, 40, 11, 20, 10, 1, 1, 1, 'José Lopes\r\n', NULL, NULL),
	(227, '27999619234', 'Manutv - Voz', '2020-08-03', 'SEM ID', 71, 9, 1, 40, 11, 20, 10, 1, 1, 1, 'José Lopes\r\n', NULL, NULL),
	(228, '27999347619', 'Marcela Cristina Colodete', '2020-08-03', '89551127639001640399', 34, 9, 1, 66, 69, 35, 7, 4, 3, 1, 'José Lopes\r\n', NULL, NULL),
	(229, '27992363980', 'Marcela Souza Silva', '2020-08-03', 'SEM ID', 14, 9, 1, 12, 58, 21, 7, 1, 3, 1, 'José Lopes\r\n', NULL, NULL),
	(230, '27998511077', 'Redação Mult. Alisson', '2020-08-03', 'SEM ID', 64, 7, 1, 67, 9, 57, 7, 1, 3, 1, 'José Lopes\r\n', NULL, NULL),
	(231, '27992480063', 'Marcelo Rangel Fernandes ', '2020-08-03', 'SEM ID', 56, 2, 1, 30, 22, 53, 9, 1, 3, 1, 'José Lopes\r\n', NULL, NULL),
	(232, '27999789759', 'Marcio Chagas do Nascimen', '2020-08-03', 'SEM ID', 23, 7, 1, 19, 19, 40, 9, 1, 3, 1, 'José Lopes\r\n', NULL, NULL),
	(233, '27981556807', 'Marcos Alem Falcone Macie', '2020-08-03', '89551127639000300102', 51, 9, 1, 15, 40, 41, 9, 1, 3, 1, 'José Lopes\r\n', NULL, NULL),
	(234, '27992553647', 'Marcos Antonio Ferreira G', '2020-08-03', 'SEM ID', 14, 7, 1, 12, 54, 23, 7, 1, 3, 1, 'José Lopes\r\n', NULL, NULL),
	(235, '27998229685', 'Margareth de Oliveira Ber', '2020-08-03', 'SEM ID', 67, 9, 1, 81, 71, 56, 9, 1, 3, 1, 'José Lopes\r\n', NULL, NULL),
	(236, '27999822987', 'Maria Alice Paoliello Lin', '2020-08-03', 'SEM ID', 23, 9, 1, 15, 40, 41, 9, 1, 3, 1, 'José Lopes\r\n', NULL, NULL),
	(237, '27999074785', 'Igor Guimares Estrela Rod', '2020-08-03', 'SEM ID', 19, 10, 1, 67, 23, 36, 9, 1, 3, 1, 'José Lopes\r\n', NULL, NULL),
	(238, '28999452970', 'Maria Helena Vargas de Az', '2020-08-03', 'SEM ID', 23, 10, 1, 33, 23, 42, 9, 1, 3, 1, 'José Lopes\r\n', NULL, NULL),
	(239, '27998706805', 'Milson Bonomo - Moden', '2020-08-03', 'SEM ID', 39, 12, 1, 74, 6, 45, 9, 1, 3, 1, 'José Lopes\r\n', NULL, NULL),
	(240, '27995188764', 'Luana Querino P. da Costa', '2020-08-03', '89551131339000015032', 12, 7, 1, 12, 34, 21, 9, 1, 3, 1, 'José Lopes\r\n', NULL, NULL),
	(241, '27992456647', 'Michelle Batista Goltara', '2020-08-03', 'SEM ID', 14, 9, 1, 12, 72, 21, 9, 1, 3, 1, 'José Lopes\r\n', NULL, NULL),
	(242, '27996971045', 'Milena Ribeiro de Souza', '2020-08-03', 'SEM ID', 17, 9, 1, 12, 73, 5, 9, 1, 3, 1, 'José Lopes\r\n', NULL, NULL),
	(243, '27981467068', 'Milson - Linhares', '2020-08-03', '89551127439000773311', 39, 12, 4, 74, 74, 45, 7, 1, 3, 1, 'José Lopes\r\n', NULL, NULL),
	(244, '27981290687', 'Milson Bonomo - Moden Lin', '2020-08-03', '89550222000027525351', 39, 12, 4, 74, 6, 45, 3, 1, 3, 1, 'José Lopes\r\n', NULL, NULL),
	(245, '27981286960', 'Milson Bonomo - Moden São', '2020-08-03', 'SEM ID', 39, 12, 1, 74, 6, 45, 12, 1, 2, 1, 'José Lopes\r\n', NULL, NULL),
	(246, '27999841065', 'Milson Bonomo de Matos', '2020-08-03', '89551127639000329499', 39, 12, 4, 74, 74, 45, 7, 1, 3, 1, 'José Lopes\r\n', NULL, NULL),
	(247, '28981030728', 'Modem - Tv Cachoeiro', '2020-08-03', '89550222000027161918', 22, 10, 4, 84, 14, 33, 4, 1, 2, 1, 'José Lopes\r\n', NULL, NULL),
	(248, '28981030741', 'Modem - Tv Cachoeiro', '2020-08-03', '89550222000027280692', 22, 10, 4, 84, 14, 33, 4, 1, 2, 1, 'José Lopes\r\n', NULL, NULL),
	(249, '28981000417', 'Modem - Tv Cachoeiro', '2020-08-03', 'SEM ID', 47, 10, 5, 84, 14, 33, 4, 1, 2, 1, 'José Lopes\r\n', NULL, NULL),
	(250, '27992480098', 'Modem 4G - Camera Sony', '2020-08-03', 'SEM ID', 47, 10, 1, 56, 75, 35, 12, 1, 2, 1, 'José Lopes\r\n', NULL, NULL),
	(251, '27995115029', 'Modem Linhares - Tv Norte', '2020-08-03', 'SEM ID', 47, 12, 1, 83, 6, 44, 12, 1, 2, 1, 'José Lopes\r\n', NULL, NULL),
	(252, '27995111770', 'Modem Linhares - Tv Norte', '2020-08-03', '89551127639001947174', 47, 12, 1, 81, 6, 44, 12, 1, 2, 1, 'José Lopes\r\n', NULL, NULL),
	(253, '27999413742', 'N.Agora (Ed. de Polícia)', '2020-08-03', 'SEM ID', 60, 7, 1, 55, 9, 6, 9, 1, 3, 1, 'José Lopes\r\n', NULL, NULL),
	(254, '27999860357', 'Omar Luiz Teles da Rosa', '2020-08-03', 'SEM ID', 64, 7, 1, 75, 50, 39, 7, 1, 3, 1, 'José Lopes\r\n', NULL, NULL),
	(255, '27981385517', 'Osvaldino Lira', '2020-08-03', 'SEM ID', 71, 9, 1, 40, 11, 20, 10, 1, 3, 1, 'José Lopes\r\n', NULL, NULL),
	(256, '27997163239', 'Pablyto Robert Baioco Rib', '2020-08-03', '89551127139000060483', 1, 9, 1, 4, 77, 46, 9, 1, 3, 1, 'José Lopes\r\n', NULL, NULL),
	(257, '27999858948', 'Edson Nunes', '2020-08-03', 'SEM ID', 59, 1, 1, 46, 69, 25, 7, 1, 3, 1, 'José Lopes\r\n', NULL, NULL),
	(258, '27999452094', 'Patrick Santos ( Global )', '2020-08-03', 'SEM ID', 34, 7, 1, 66, 3, 35, 7, 1, 3, 1, 'José Lopes\r\n', NULL, NULL),
	(259, '27998516597', 'Paula Roseli Rodrigues', '2020-08-03', 'SEM ID', 17, 9, 1, 6, 78, 47, 9, 1, 3, 1, 'José Lopes\r\n', NULL, NULL),
	(260, '27999812095', 'Paulo Roberto Monfrin Can', '2020-08-03', '89551127139000605583', 23, 9, 1, 74, 79, 48, 9, 1, 3, 1, 'José Lopes\r\n', NULL, NULL),
	(261, '27999437274', 'Paulo Roberto Monfrin Can', '2020-08-03', 'SEM ID', 23, 9, 1, 74, 79, 48, 9, 1, 3, 1, 'José Lopes\r\n', NULL, NULL),
	(262, '27992364362', 'Pedro Henrique de Rezende', '2020-08-03', 'SEM ID', 7, 1, 1, 12, 72, 21, 9, 1, 3, 1, 'José Lopes\r\n', NULL, NULL),
	(263, '27999858921', 'Promoção TV', '2020-08-03', 'SEM ID', 35, 9, 1, 7, 65, 27, 7, 1, 3, 1, 'José Lopes\r\n', NULL, NULL),
	(264, '27999860021', 'Radio (Só Recebe Sms)', '2020-08-03', 'SEM ID', 65, 2, 1, 60, 22, 53, 10, 1, 1, 1, 'José Lopes\r\n', NULL, NULL),
	(265, '27999860360', 'Radio (Só Recebe Sms)', '2020-08-03', 'SEM ID', 65, 2, 1, 60, 22, 53, 10, 1, 1, 1, 'José Lopes\r\n', NULL, NULL),
	(266, '27999861410', 'Rádio Cidadã (Locutor  A', '2020-08-03', 'SEM ID', 45, 5, 1, 58, 60, 45, 10, 1, 1, 1, 'José Lopes\r\n', NULL, NULL),
	(267, '27996071616', 'Rádio FM (Modem 3G)', '2020-08-03', 'SEM ID', 48, 2, 1, 60, 22, 53, 13, 1, 2, 1, 'José Lopes\r\n', NULL, NULL),
	(268, '27981358287', 'Rafael Anholetti Brunoro', '2020-08-03', 'SEM ID', 71, 9, 1, 40, 11, 20, 9, 1, 3, 1, 'José Lopes\r\n', NULL, NULL),
	(269, '27995116542', 'Rafael Borges Schettino d', '2020-08-03', '89551127639001947059', 15, 7, 1, 12, 91, 23, 7, 1, 3, 1, 'José Lopes\r\n', NULL, NULL),
	(270, '27981372807', 'Rafael da Silva Alves', '2020-08-03', 'SEM ID', 52, 7, 1, 12, 48, 23, 9, 1, 3, 1, 'José Lopes\r\n', NULL, NULL),
	(271, '27998516869', 'Rafael Monteiro de Barros', '2020-08-03', 'SEM ID', 60, 1, 1, 46, 25, 25, 7, 1, 3, 1, 'José Lopes\r\n', NULL, NULL),
	(272, '27995110240', 'Rafael Moreira - Moden Co', '2020-08-03', '89551127639001947208', 39, 11, 1, 74, 81, 45, 9, 1, 3, 1, 'José Lopes\r\n', NULL, NULL),
	(273, '27981290819', 'Rafael Moreira Bonomo - M', '2020-08-03', '89550222000027525385', 39, 11, 4, 74, 81, 45, 3, 1, 3, 1, 'José Lopes\r\n', NULL, NULL),
	(274, '27999794316', 'Rafael Moreira Dos Santos', '2020-08-03', '89551127639000329408', 70, 11, 1, 38, 82, 49, 9, 1, 3, 1, 'José Lopes\r\n', NULL, NULL),
	(275, '27999860475', 'Rafael Queiroz Silveira', '2020-08-03', 'SEM ID', 39, 9, 1, 17, 7, 50, 9, 1, 3, 1, 'José Lopes\r\n', NULL, NULL),
	(276, '27997545402', 'Rafael Queiroz Silveira (', '2020-08-03', 'SEM ID', 48, 9, 1, 17, 7, 50, 13, 1, 2, 1, 'José Lopes\r\n', NULL, NULL),
	(277, '27999859346', 'Milson Bonomo - Moden', '2020-08-03', 'SEM ID', 39, 12, 1, 74, 6, 45, 7, 1, 3, 1, 'José Lopes\r\n', NULL, NULL),
	(278, '28999863481', 'Raquel Marques Soares', '2020-08-03', 'SEM ID', 28, 10, 1, 33, 23, 42, 9, 1, 3, 1, 'José Lopes\r\n', NULL, NULL),
	(279, '27999786463', 'Redação Multimídia', '2020-08-03', 'SEM ID', 59, 7, 1, 62, 9, 6, 9, 1, 3, 1, 'José Lopes\r\n', NULL, NULL),
	(280, '27996514366', 'Redação Multimidia - Agli', '2020-08-03', '89551127439000003834', 59, 7, 1, 29, 83, 3, 9, 1, 3, 1, 'José Lopes\r\n', NULL, NULL),
	(281, '27998354775', 'Redação Multimidia - Agli', '2020-08-03', '89551127639001640308', 59, 7, 1, 29, 9, 3, 9, 1, 3, 1, 'José Lopes\r\n', NULL, NULL),
	(282, '27996439350', 'Redação Multimidia - Agli', '2020-08-03', '89551127639001640332', 59, 7, 1, 29, 9, 3, 9, 1, 3, 1, 'José Lopes\r\n', NULL, NULL),
	(283, '27995303577', 'Redação Multimidia - Agli', '2020-08-03', '89551127639001640357', 59, 7, 1, 29, 9, 3, 9, 1, 3, 1, 'José Lopes\r\n', NULL, NULL),
	(284, '27999285313', 'Redação Multimidia - Agli', '2020-08-03', '89551127639002131950', 59, 7, 1, 29, 9, 3, 7, 1, 3, 1, 'José Lopes\r\n', NULL, NULL),
	(285, '27998156725', 'Redação Multimídia (Galax', '2020-08-03', 'SEM ID', 48, 7, 1, 62, 9, 6, 13, 1, 2, 1, 'José Lopes\r\n', NULL, NULL),
	(286, '27997033991', 'Redação Multimídia (Modem', '2020-08-03', 'SEM ID', 48, 7, 1, 62, 9, 6, 13, 1, 2, 1, 'José Lopes\r\n', NULL, NULL),
	(287, '27999072021', 'Redação Multimídia (Modem', '2020-08-03', 'SEM ID', 48, 7, 1, 62, 9, 6, 13, 1, 2, 1, 'José Lopes\r\n', NULL, NULL),
	(288, '27999807259', 'Redação Multimídia (Razr ', '2020-08-03', 'SEM ID', 44, 7, 1, 62, 9, 6, 7, 1, 3, 1, 'José Lopes\r\n', NULL, NULL),
	(289, '27992297466', 'Renan Effgen Fae', '2020-08-03', '89551127639000341296', 39, 9, 1, 30, 24, 53, 9, 1, 3, 1, 'José Lopes\r\n', NULL, NULL),
	(290, '27997791644', 'Renan Effgen Fae - Evento', '2020-08-03', '89551127139000813832', 64, 2, 1, 60, 22, 53, 7, 1, 3, 1, 'José Lopes\r\n', NULL, NULL),
	(291, '27998706568', 'Reportagem (A Disp.)', '2020-08-03', 'SEM ID', 60, 9, 1, 64, 15, 8, 10, 1, 3, 1, 'José Lopes\r\n', NULL, NULL),
	(292, '27981385530', 'Ricardo Medeiros Vervloet', '2020-08-03', 'SEM ID', 37, 7, 1, 27, 41, 6, 9, 1, 3, 1, 'José Lopes\r\n', NULL, NULL),
	(293, '27998515091', 'Rio Doce FM', '2020-08-03', 'SEM ID', 45, 4, 1, 65, 17, 45, 7, 1, 3, 1, 'José Lopes\r\n', NULL, NULL),
	(294, '27998706991', 'Rafael Queiroz Silveira', '2020-08-03', 'SEM ID', 39, 9, 1, 17, 5, 50, 9, 1, 3, 1, 'José Lopes\r\n', NULL, NULL),
	(295, '27992293196', 'Rondinelli Suave', '2020-08-03', 'SEM ID', 44, 7, 1, 70, 84, 29, 9, 1, 3, 1, 'José Lopes\r\n', NULL, NULL),
	(296, '27996181457', 'Rubens Errard - Alemão', '2020-08-03', '89551131339000015040', 71, 9, 1, 81, 11, 56, 9, 1, 3, 1, 'José Lopes\r\n', NULL, NULL),
	(297, '27999697236', 'Rubens Samuel Baptista', '2020-08-03', 'SEM ID', 71, 9, 1, 81, 11, 56, 7, 1, 3, 1, 'José Lopes\r\n', NULL, NULL),
	(298, '27995320074', 'Ryan Golveia', '2020-08-03', '89551127439000039523', 14, 7, 1, 12, 34, 21, 7, 1, 3, 1, 'José Lopes\r\n', NULL, NULL),
	(299, '27999594704', 'Manutv - Voz', '2020-08-03', '89551127139000813873', 34, 9, 1, 66, 11, 35, 10, 4, 1, 1, 'José Lopes\r\n', NULL, NULL),
	(300, '27998485845', 'S.Gerais', '2020-08-03', 'SEM ID', 34, 9, 1, 66, 3, 35, 10, 4, 3, 1, 'José Lopes\r\n', NULL, NULL),
	(301, '27992296398', 'S.Gerais (Pabx)', '2020-08-03', 'SEM ID', 61, 7, 1, 66, 3, 35, 10, 1, 3, 1, 'José Lopes\r\n', NULL, NULL),
	(302, '27992489459', 'Sabrina Farias Dos Santos', '2020-08-03', 'SEM ID', 14, 9, 1, 12, 61, 21, 9, 1, 3, 1, 'José Lopes\r\n', NULL, NULL),
	(303, '27996510452', 'Sac Jornal A Gazeta', '2020-08-03', '89551127139000814731', 62, 7, 1, 69, 5, 52, 10, 1, 3, 1, 'José Lopes\r\n', NULL, NULL),
	(304, '27998706369', 'Patrícia Dos Reis Lino', '2020-08-03', 'SEM ID', 60, 7, 1, 78, 85, 17, 9, 1, 3, 1, 'José Lopes\r\n', NULL, NULL),
	(305, '27998706328', 'Sergio Luiz Lugon Grecco', '2020-08-03', 'SEM ID', 39, 7, 1, 23, 20, 59, 9, 1, 3, 1, 'José Lopes\r\n', NULL, NULL),
	(306, '28999713753', 'Sergio Pontes', '2020-08-03', 'SEM ID', 57, 6, 1, 84, 57, 33, 9, 1, 3, 1, 'José Lopes\r\n', NULL, NULL),
	(307, '27997206021', 'Sergio Pontes', '2020-08-03', '89551127139000813949', 64, 9, 1, 60, 13, 53, 9, 1, 3, 1, 'José Lopes\r\n', NULL, NULL),
	(308, '27981372823', 'Gazeta Online', '2020-08-03', 'SEM ID', 44, 7, 1, 37, 41, 22, 9, 1, 3, 1, 'José Lopes\r\n', NULL, NULL),
	(309, '28999750818', 'Simone Castanheira Passos', '2020-08-03', '356160066008212', 14, 10, 1, 84, 39, 33, 9, 1, 3, 1, 'José Lopes\r\n', NULL, NULL),
	(310, '27999860362', 'Site G1', '2020-08-03', 'SEM ID', 32, 7, 1, 28, 2, 59, 5, 1, 3, 1, 'José Lopes\r\n', NULL, NULL),
	(311, '27995117216', 'Tablet Radio ( Galaxy Tab', '2020-08-03', '89551127639001947026', 69, 9, 1, 11, 86, 43, 13, 1, 2, 1, 'José Lopes\r\n', NULL, NULL),
	(312, '27996511482', 'Tecnologia ( A Disposição', '2020-08-03', '89551127139000814830', 26, 12, 1, 74, 74, 45, 10, 1, 3, 1, 'José Lopes\r\n', NULL, NULL),
	(313, '27998704339', 'Telejorn. (A Disp.)', '2020-08-03', 'SEM ID', 59, 9, 1, 64, 15, 8, 10, 1, 3, 1, 'José Lopes\r\n', NULL, NULL),
	(314, '27999413466', 'Telejorn. (A Disp.)', '2020-08-03', 'SEM ID', 59, 9, 1, 64, 15, 8, 7, 1, 3, 1, 'José Lopes\r\n', NULL, NULL),
	(315, '27998706290', 'Telejorn. (A Disp.)', '2020-08-03', 'SEM ID', 59, 9, 1, 64, 15, 8, 10, 1, 3, 1, 'José Lopes\r\n', NULL, NULL),
	(316, '27999862952', 'Telejorn. (A Disp.)', '2020-08-03', 'SEM ID', 64, 9, 1, 67, 15, 8, 9, 1, 3, 1, 'José Lopes\r\n', NULL, NULL),
	(317, '27999738577', 'Telejorn. (A Disp.)', '2020-08-03', 'SEM ID', 59, 12, 1, 77, 6, 17, 7, 1, 3, 1, 'José Lopes\r\n', NULL, NULL),
	(318, '27999571685', 'Telejorn. (A Disp.)', '2020-08-03', 'SEM ID', 59, 11, 1, 76, 81, 17, 7, 1, 3, 1, 'José Lopes\r\n', NULL, NULL),
	(319, '27981358266', 'Telejorn. (A Disp.)', '2020-08-03', '89551127206000174760', 44, 9, 1, 67, 15, 8, 7, 1, 3, 1, 'José Lopes\r\n', NULL, NULL),
	(320, '27981358289', 'Telejorn. (A Disp.)', '2020-08-17', '89551127639000300292', 59, 1, 1, 64, 15, 8, 9, 1, 3, 1, 'José Lopes', NULL, '2020-08-17 17:38:54'),
	(321, '27981372804', 'Telejorn. (A Disp.)', '2020-08-03', 'SEM ID', 59, 9, 1, 64, 15, 8, 9, 1, 3, 1, 'José Lopes\r\n', NULL, NULL),
	(322, '27981380634', 'Telejornalismo Noroeste', '2020-08-03', 'SEM ID', 64, 11, 4, 78, 81, 45, 3, 1, 2, 1, 'José Lopes\r\n', NULL, NULL),
	(323, '27981380543', 'Telejornalismo Noroeste', '2020-08-03', 'SEM ID', 64, 11, 4, 78, 81, 45, 3, 1, 2, 1, 'José Lopes\r\n', NULL, NULL),
	(324, '27981381433', 'Telejornalismo Noroeste', '2020-08-03', 'SEM ID', 64, 11, 4, 78, 81, 45, 3, 1, 2, 1, 'José Lopes\r\n', NULL, NULL),
	(325, '27981381166', 'Telejornalismo Tv Norte', '2020-08-03', 'SEM ID', 64, 12, 4, 78, 6, 45, 3, 1, 2, 1, 'José Lopes\r\n', NULL, NULL),
	(326, '27981380794', 'Telejornalismo Tv Norte', '2020-08-03', 'SEM ID', 64, 12, 4, 78, 6, 45, 3, 1, 2, 1, 'José Lopes\r\n', NULL, NULL),
	(327, '27981380955', 'Telejornalismo Tv Norte', '2020-08-03', 'SEM ID', 64, 12, 4, 78, 6, 45, 3, 1, 2, 1, 'José Lopes\r\n', NULL, NULL),
	(328, '27992764013', 'Teste - Informatica', '2020-08-03', 'SEM ID', 64, 7, 1, 75, 50, 39, 10, 2, 3, 1, 'José Lopes\r\n', NULL, NULL),
	(329, '27992266121', 'Thais Peixoto Muniz', '2020-08-03', 'SEM ID', 5, 9, 1, 11, 13, 43, 7, 1, 3, 1, 'José Lopes\r\n', NULL, NULL),
	(330, '27992355230', 'Thiago Pinhati', '2020-08-03', 'SEM ID', 15, 7, 1, 12, 87, 21, 9, 1, 3, 1, 'José Lopes\r\n', NULL, NULL),
	(331, '28998857121', 'Tv Cach.', '2020-08-03', 'SEM ID', 44, 10, 1, 33, 23, 42, 9, 1, 3, 1, 'José Lopes\r\n', NULL, NULL),
	(332, '28998857131', 'Tv Cach.', '2020-08-03', 'SEM ID', 44, 10, 1, 33, 23, 42, 9, 1, 3, 1, 'José Lopes\r\n', NULL, NULL),
	(333, '28999914056', 'Tv Cach.', '2020-08-03', 'SEM ID', 44, 10, 1, 33, 88, 42, 10, 1, 3, 1, 'José Lopes\r\n', NULL, NULL),
	(334, '27992548486', 'Tv Cachoeiro', '2020-08-03', '89550534220001914958', 49, 10, 3, 33, 23, 42, 2, 4, 3, 1, 'José Lopes\r\n', NULL, NULL),
	(335, '27999852371', 'Tv Norte (A Disp. Reporta', '2020-08-03', 'SEM ID', 59, 12, 1, 77, 6, 17, 7, 1, 3, 1, 'José Lopes\r\n', NULL, NULL),
	(336, '27997849688', 'Tv Sul - Joelder', '2020-08-03', 'SEM ID', 22, 10, 1, 79, 14, 33, 9, 1, 3, 1, 'José Lopes\r\n', NULL, NULL),
	(337, '27999699594', 'Tv Sul - Joelder', '2020-08-03', '89551127639000341379', 22, 10, 1, 79, 14, 33, 9, 1, 3, 1, 'José Lopes\r\n', NULL, NULL),
	(338, '28999964115', 'Tv Sul - Joelder', '2020-08-03', 'SEM ID', 72, 10, 1, 84, 14, 33, 9, 1, 3, 1, 'José Lopes\r\n', NULL, NULL),
	(339, '28999017150', 'Tv Sul - Joelder', '2020-08-03', 'SEM ID', 72, 10, 1, 84, 14, 33, 9, 1, 3, 1, 'José Lopes\r\n', NULL, NULL),
	(340, '27992973023', 'Tv Sul - Joelder', '2020-08-03', 'SEM ID', 47, 10, 2, 84, 14, 33, 2, 1, 3, 1, 'José Lopes\r\n', NULL, NULL),
	(341, '27992724995', 'Estoque', '2020-08-03', 'SEM ID', 47, 7, 1, 66, 3, 35, 10, 1, 3, 1, 'José Lopes\r\n', NULL, NULL),
	(342, '27999746353', 'Vinicius Baptista Dos Anj', '2020-08-03', 'SEM ID', 28, 12, 1, 77, 6, 17, 5, 1, 3, 1, 'José Lopes\r\n', NULL, NULL),
	(343, '27999822540', 'Vinicius Catrinque Martin', '2020-08-03', 'SEM ID', 71, 9, 1, 81, 71, 56, 9, 1, 3, 1, 'José Lopes\r\n', NULL, NULL),
	(344, '27981372816', 'Vitor Jubini Ventorin', '2020-08-03', 'SEM ID', 37, 7, 1, 27, 41, 6, 9, 1, 3, 1, 'José Lopes\r\n', NULL, NULL),
	(346, '27996675806', 'Manut. Tv (A Disp.)', '2020-08-03', 'SEM ID', 67, 9, 1, 81, 11, 56, 12, 1, 2, 1, 'José Lopes\r\n', NULL, NULL),
	(347, '27995114674', 'Telejorn. (A Disp.)', '2020-08-03', '89551127639001947117', 59, 9, 1, 64, 15, 8, 12, 1, 2, 1, 'José Lopes\r\n', NULL, NULL),
	(348, '28998852104', 'Vivo Box Tv Sul - Joelder', '2020-08-03', 'SEM ID', 72, 10, 1, 84, 14, 33, 9, 1, 3, 1, 'José Lopes\r\n', NULL, NULL),
	(349, '27996878478', 'Vivo Gazeta - PABX', '2020-08-03', '89551127139000814780', 42, 9, 1, 66, 3, 35, 10, 1, 3, 1, 'José Lopes\r\n', NULL, NULL),
	(350, '27998379451', 'Vivo Gazeta - PABX', '2020-08-03', '89551127139000813790', 42, 9, 1, 66, 3, 35, 10, 1, 3, 1, 'José Lopes\r\n', NULL, NULL),
	(351, '27998208447', 'Vivo Gazeta - PABX', '2020-08-03', '89551127139000814715', 42, 9, 1, 66, 3, 35, 10, 1, 3, 1, 'José Lopes\r\n', NULL, NULL),
	(352, '27998725965', 'Vivo Gazeta - PABX', '2020-08-03', '89551127139000813766', 42, 9, 1, 66, 3, 35, 10, 1, 3, 1, 'José Lopes\r\n', NULL, NULL),
	(353, '27998014886', 'Vivo Gazeta - PABX', '2020-08-03', '89551127139000813998', 42, 9, 1, 66, 3, 35, 10, 1, 3, 1, 'José Lopes\r\n', NULL, NULL),
	(354, '27998849963', 'Vivo Gazeta - PABX', '2020-08-03', '89551127139000813758', 42, 9, 1, 66, 3, 35, 10, 1, 3, 1, 'José Lopes\r\n', NULL, NULL),
	(355, '27981467063', 'Wanderson Luiz Clemente', '2020-08-03', 'SEM ID', 17, 7, 1, 36, 76, 64, 9, 1, 3, 1, 'José Lopes\r\n', NULL, NULL),
	(356, '27998516003', 'Camila Uliana Donna', '2020-08-03', 'SEM ID', 12, 7, 1, 12, 89, 40, 9, 1, 3, 1, 'José Lopes\r\n', NULL, NULL),
	(357, '27992251115', 'Jornalismo Tv Linhares', '2020-08-03', 'SEM ID', 54, 12, 1, 37, 6, 60, 10, 1, 3, 1, 'José Lopes\r\n', NULL, NULL),
	(358, '27981358261', 'Whatsapp Gazeta Online', '2020-08-03', '89550222000008580920', 44, 7, 4, 29, 41, 3, 3, 1, 3, 1, 'José Lopes\r\n', NULL, NULL),
	(359, '28998857118', 'Whatsapp/Jornalismo Tv Su', '2020-08-03', 'SEM ID', 44, 10, 1, 33, 23, 42, 9, 1, 3, 1, 'José Lopes\r\n', NULL, NULL),
	(360, '27995112639', 'Identificar', '2020-08-03', '89551127439000773089', 18, 9, 1, 29, 34, 40, 13, 1, 2, 1, 'José Lopes\r\n', NULL, NULL),
	(361, '27981898676', 'Yuri Reis Barbosa', '2020-08-03', 'SEM ID', 18, 9, 1, 29, 34, 40, 9, 1, 3, 1, 'José Lopes\r\n', NULL, NULL),
	(362, '27999617723', 'Renata Rasseli Zanete', '2020-08-03', 'SEM ID', 64, 7, 1, 67, 90, 57, 5, 1, 3, 1, 'José Lopes\r\n', NULL, NULL),
	(363, '27998074879', 'Vinicius Catrinque - Inte', '2020-08-03', 'SEM ID', 64, 9, 1, 40, 11, 61, 12, 1, 2, 1, 'José Lopes\r\n', NULL, NULL),
	(364, '27998870830', 'Vinicius Catrinque - Inte', '2020-08-03', 'SEM ID', 64, 9, 1, 40, 11, 61, 12, 1, 2, 1, 'José Lopes\r\n', NULL, NULL),
	(365, '27998876131', 'Vinicius Catrinque - Inte', '2020-08-03', 'SEM ID', 64, 9, 1, 40, 11, 61, 12, 1, 2, 1, 'José Lopes\r\n', NULL, NULL),
	(366, '27998879219', 'Vinicius Catrinque - Inte', '2020-08-03', 'SEM ID', 64, 9, 1, 40, 11, 61, 12, 1, 2, 1, 'José Lopes\r\n', NULL, NULL),
	(367, '27996073277', 'Vinicius Catrinque - Inte', '2020-08-03', 'SEM ID', 64, 9, 1, 40, 11, 61, 12, 1, 2, 1, 'José Lopes\r\n', NULL, NULL),
	(368, '27996229098', 'Vinicius Catrinque - Inte', '2020-08-03', 'SEM ID', 64, 9, 1, 40, 11, 61, 12, 1, 2, 1, 'José Lopes\r\n', NULL, NULL),
	(369, '27997610914', 'Vinicius Catrinque - Inte', '2020-08-03', 'SEM ID', 64, 9, 1, 40, 11, 61, 12, 1, 2, 1, 'José Lopes\r\n', NULL, NULL),
	(370, '27997924657', 'Vinicius Catrinque - Inte', '2020-08-03', 'SEM ID', 64, 9, 1, 40, 11, 61, 12, 1, 2, 1, 'José Lopes\r\n', NULL, NULL),
	(371, '27998184814', 'Vinicius Catrinque - Inte', '2020-08-03', 'SEM ID', 64, 9, 1, 40, 11, 61, 12, 1, 2, 1, 'José Lopes\r\n', NULL, NULL),
	(372, '27998460287', 'Vinicius Catrinque - Inte', '2020-08-03', 'SEM ID', 64, 9, 1, 40, 11, 61, 12, 1, 2, 1, 'José Lopes\r\n', NULL, NULL),
	(373, '27998542650', 'Vinicius Catrinque - Inte', '2020-08-03', 'SEM ID', 64, 9, 1, 40, 11, 61, 12, 1, 2, 1, 'José Lopes\r\n', NULL, NULL),
	(374, '27998648054', 'Vinicius Catrinque - Inte', '2020-08-03', 'SEM ID', 64, 9, 1, 40, 11, 61, 12, 1, 2, 1, 'José Lopes\r\n', NULL, NULL),
	(375, '27998843279', 'Vinicius Catrinque - Inte', '2020-08-03', 'SEM ID', 64, 9, 1, 40, 11, 61, 12, 1, 2, 1, 'José Lopes\r\n', NULL, NULL),
	(376, '27998850586', 'Vinicius Catrinque - Inte', '2020-08-03', 'SEM ID', 64, 9, 1, 40, 11, 61, 12, 1, 2, 1, 'José Lopes\r\n', NULL, NULL),
	(377, '27999189351', 'Vinicius Catrinque - Inte', '2020-08-03', 'SEM ID', 64, 9, 1, 40, 11, 61, 12, 1, 2, 1, 'José Lopes\r\n', NULL, NULL),
	(378, '27997938859', 'Vinicius Catrinque - Inte', '2020-08-03', 'SEM ID', 64, 9, 1, 40, 11, 61, 12, 1, 2, 1, 'José Lopes\r\n', NULL, NULL),
	(379, '27998857381', 'Vinicius Catrinque - Inte', '2020-08-03', 'SEM ID', 64, 9, 1, 40, 11, 61, 12, 1, 2, 1, 'José Lopes\r\n', NULL, NULL),
	(380, '27998858865', 'Vinicius Catrinque - Inte', '2020-08-03', 'SEM ID', 64, 9, 1, 40, 11, 61, 12, 1, 2, 1, 'José Lopes\r\n', NULL, NULL),
	(381, '27998869533', 'Vinicius Catrinque - Inte', '2020-08-03', 'SEM ID', 64, 9, 1, 40, 11, 61, 12, 1, 2, 1, 'José Lopes\r\n', NULL, NULL),
	(382, '27995034154', 'Bloqueada Gestor', '2020-08-03', 'SEM ID', 34, 7, 1, 66, 3, 35, 10, 2, 3, 1, 'José Lopes\r\n', NULL, NULL),
	(383, '27995108068', 'Bloqueada Gestor', '2020-08-03', 'SEM ID', 34, 7, 1, 66, 3, 35, 10, 2, 3, 1, 'José Lopes\r\n', NULL, NULL),
	(384, '27995108511', 'Bloqueada Gestor', '2020-08-03', 'SEM ID', 34, 7, 1, 66, 3, 35, 10, 2, 3, 1, 'José Lopes\r\n', NULL, NULL),
	(385, '27995114251', 'Bloqueada Gestor', '2020-08-03', 'SEM ID', 34, 7, 1, 66, 3, 35, 10, 2, 3, 1, 'José Lopes\r\n', NULL, NULL),
	(386, '27995222181', 'Bloqueada Gestor', '2020-08-03', 'SEM ID', 34, 7, 1, 66, 3, 35, 10, 2, 3, 1, 'José Lopes\r\n', NULL, NULL),
	(387, '27995265920', 'Bloqueada Gestor', '2020-08-03', 'SEM ID', 34, 7, 1, 66, 3, 35, 10, 2, 3, 1, 'José Lopes\r\n', NULL, NULL),
	(388, '27996180692', 'Bloqueada Gestor', '2020-08-03', 'SEM ID', 34, 7, 1, 66, 3, 35, 10, 2, 3, 1, 'José Lopes\r\n', NULL, NULL),
	(389, '27995108461', 'Bloqueada Gestor', '2020-08-03', 'SEM ID', 34, 7, 1, 66, 3, 35, 10, 2, 3, 1, 'José Lopes\r\n', NULL, NULL),
	(390, '27995108678', 'Bloqueada Gestor', '2020-08-03', 'SEM ID', 34, 7, 1, 66, 3, 35, 12, 2, 2, 1, 'José Lopes\r\n', NULL, NULL),
	(391, '27995201435', 'Bloqueada Gestor', '2020-08-03', 'SEM ID', 34, 7, 1, 66, 3, 35, 10, 2, 3, 1, 'José Lopes\r\n', NULL, NULL),
	(392, '27995329451', 'Bloqueada Gestor', '2020-08-03', 'SEM ID', 34, 7, 1, 66, 3, 35, 10, 2, 3, 1, 'José Lopes\r\n', NULL, NULL),
	(393, '27996176350', 'Bloqueada Gestor', '2020-08-03', 'SEM ID', 34, 7, 1, 66, 3, 35, 10, 2, 3, 1, 'José Lopes\r\n', NULL, NULL),
	(394, '27996879384', 'Bloqueada Gestor', '2020-08-03', 'SEM ID', 34, 7, 1, 66, 3, 35, 10, 2, 3, 1, 'José Lopes\r\n', NULL, NULL),
	(395, '27996918463', 'Bloqueada Gestor', '2020-08-03', 'SEM ID', 34, 7, 1, 66, 3, 35, 10, 2, 3, 1, 'José Lopes\r\n', NULL, NULL),
	(396, '27997045039', 'Bloqueada Gestor', '2020-08-03', 'SEM ID', 34, 7, 1, 66, 3, 35, 10, 2, 3, 1, 'José Lopes\r\n', NULL, NULL),
	(397, '27997188377', 'Bloqueada Gestor', '2020-08-03', 'SEM ID', 34, 7, 1, 66, 3, 35, 10, 2, 3, 1, 'José Lopes\r\n', NULL, NULL),
	(398, '27997317410', 'Bloqueada Gestor', '2020-08-03', 'SEM ID', 34, 7, 1, 66, 3, 35, 10, 2, 3, 1, 'José Lopes\r\n', NULL, NULL),
	(399, '27997545568', 'Bloqueada Gestor', '2020-08-03', 'SEM ID', 34, 7, 1, 66, 3, 35, 10, 2, 3, 1, 'José Lopes\r\n', NULL, NULL),
	(400, '27997667484', 'Bloqueada Gestor', '2020-08-03', 'SEM ID', 34, 7, 1, 66, 3, 35, 10, 2, 3, 1, 'José Lopes\r\n', NULL, NULL),
	(401, '27997978103', 'Bloqueada Gestor', '2020-08-03', 'SEM ID', 34, 7, 1, 66, 3, 35, 10, 2, 3, 1, 'José Lopes\r\n', NULL, NULL),
	(402, '27998284225', 'Bloqueada Gestor', '2020-08-03', 'SEM ID', 34, 7, 1, 66, 3, 35, 10, 2, 3, 1, 'José Lopes\r\n', NULL, NULL),
	(403, '27998573857', 'Bloqueada Gestor', '2020-08-03', 'SEM ID', 34, 7, 1, 66, 3, 35, 10, 2, 3, 1, 'José Lopes\r\n', NULL, NULL),
	(404, '27998735967', 'Bloqueada Gestor', '2020-08-03', 'SEM ID', 34, 7, 1, 66, 3, 35, 10, 2, 3, 1, 'José Lopes\r\n', NULL, NULL),
	(405, '27998945667', 'Bloqueada Gestor', '2020-08-03', 'SEM ID', 34, 7, 1, 66, 3, 35, 10, 2, 3, 1, 'José Lopes\r\n', NULL, NULL),
	(406, '27996907525', 'Bloqueada Gestor', '2020-08-03', 'SEM ID', 34, 7, 1, 66, 3, 35, 10, 2, 3, 1, 'José Lopes\r\n', NULL, NULL),
	(407, '27996987169', 'Bloqueada Gestor', '2020-08-03', 'SEM ID', 34, 7, 1, 66, 3, 35, 10, 2, 3, 1, 'José Lopes\r\n', NULL, NULL),
	(408, '27997134782', 'Bloqueada Gestor', '2020-08-03', 'SEM ID', 34, 7, 1, 66, 3, 35, 10, 2, 3, 1, 'José Lopes\r\n', NULL, NULL),
	(409, '27997178162', 'Bloqueada Gestor', '2020-08-03', 'SEM ID', 34, 7, 1, 66, 3, 35, 10, 2, 3, 1, 'José Lopes\r\n', NULL, NULL),
	(410, '27997517609', 'Bloqueada Gestor', '2020-08-03', 'SEM ID', 34, 7, 1, 66, 3, 35, 10, 2, 3, 1, 'José Lopes\r\n', NULL, NULL),
	(411, '27998574760', 'Bloqueada Gestor', '2020-08-03', 'SEM ID', 34, 7, 1, 66, 3, 35, 10, 2, 3, 1, 'José Lopes\r\n', NULL, NULL),
	(412, '27998701547', 'Bloqueada Gestor', '2020-08-03', 'SEM ID', 34, 7, 1, 66, 3, 35, 10, 2, 3, 1, 'José Lopes\r\n', NULL, NULL),
	(413, '27999446992', 'Bloqueada Gestor', '2020-08-03', 'SEM ID', 34, 7, 1, 66, 3, 35, 10, 2, 3, 1, 'José Lopes', NULL, NULL);
/*!40000 ALTER TABLE `inventarios` ENABLE KEYS */;

-- Copiando estrutura para tabela gsinfb41_global.matriculas
CREATE TABLE IF NOT EXISTS `matriculas` (
  `id` int(10) unsigned NOT NULL AUTO_INCREMENT,
  `matricula` varchar(25) NOT NULL DEFAULT '0',
  `grupo_id` int(10) unsigned NOT NULL,
  `observacao` varchar(145) DEFAULT NULL,
  `updated_at` timestamp NULL DEFAULT NULL,
  PRIMARY KEY (`id`),
  KEY `FK_matriculas_grupos` (`grupo_id`)
) ENGINE=InnoDB DEFAULT CHARSET=utf8mb4;

-- Copiando dados para a tabela gsinfb41_global.matriculas: ~0 rows (aproximadamente)
DELETE FROM `matriculas`;
/*!40000 ALTER TABLE `matriculas` DISABLE KEYS */;
/*!40000 ALTER TABLE `matriculas` ENABLE KEYS */;

-- Copiando estrutura para tabela gsinfb41_global.migrations
CREATE TABLE IF NOT EXISTS `migrations` (
  `id` int(10) unsigned NOT NULL AUTO_INCREMENT,
  `migration` varchar(255) COLLATE utf8mb4_unicode_ci NOT NULL,
  `batch` int(11) NOT NULL,
  PRIMARY KEY (`id`)
) ENGINE=InnoDB AUTO_INCREMENT=4 DEFAULT CHARSET=utf8mb4 COLLATE=utf8mb4_unicode_ci;

-- Copiando dados para a tabela gsinfb41_global.migrations: ~3 rows (aproximadamente)
DELETE FROM `migrations`;
/*!40000 ALTER TABLE `migrations` DISABLE KEYS */;
INSERT INTO `migrations` (`id`, `migration`, `batch`) VALUES
	(1, '2014_10_12_000000_create_users_table', 1),
	(2, '2014_10_12_100000_create_password_resets_table', 1),
	(3, '2019_08_19_000000_create_failed_jobs_table', 1);
/*!40000 ALTER TABLE `migrations` ENABLE KEYS */;

-- Copiando estrutura para tabela gsinfb41_global.operadoras
CREATE TABLE IF NOT EXISTS `operadoras` (
  `id` int(10) unsigned NOT NULL AUTO_INCREMENT,
  `operadora` varchar(50) DEFAULT NULL,
  `tipo_operadora` int(1) DEFAULT NULL COMMENT '1 = Móvel; 2 = Fixa',
  `observacao` varchar(145) DEFAULT NULL,
  PRIMARY KEY (`id`)
) ENGINE=InnoDB AUTO_INCREMENT=5 DEFAULT CHARSET=utf8mb4;

-- Copiando dados para a tabela gsinfb41_global.operadoras: ~4 rows (aproximadamente)
DELETE FROM `operadoras`;
/*!40000 ALTER TABLE `operadoras` DISABLE KEYS */;
INSERT INTO `operadoras` (`id`, `operadora`, `tipo_operadora`, `observacao`) VALUES
	(1, 'Claro', 1, NULL),
	(2, 'Oi', 1, NULL),
	(3, 'Tim', 1, NULL),
	(4, 'Vivo', 1, NULL);
/*!40000 ALTER TABLE `operadoras` ENABLE KEYS */;

-- Copiando estrutura para tabela gsinfb41_global.password_resets
CREATE TABLE IF NOT EXISTS `password_resets` (
  `email` varchar(255) COLLATE utf8mb4_unicode_ci NOT NULL,
  `token` varchar(255) COLLATE utf8mb4_unicode_ci NOT NULL,
  `created_at` timestamp NULL DEFAULT NULL,
  KEY `password_resets_email_index` (`email`)
) ENGINE=InnoDB DEFAULT CHARSET=utf8mb4 COLLATE=utf8mb4_unicode_ci;

-- Copiando dados para a tabela gsinfb41_global.password_resets: ~0 rows (aproximadamente)
DELETE FROM `password_resets`;
/*!40000 ALTER TABLE `password_resets` DISABLE KEYS */;
/*!40000 ALTER TABLE `password_resets` ENABLE KEYS */;

-- Copiando estrutura para tabela gsinfb41_global.planos
CREATE TABLE IF NOT EXISTS `planos` (
  `id` int(10) unsigned NOT NULL AUTO_INCREMENT,
  `plano` varchar(50) DEFAULT NULL,
  `grupo_id` int(11) unsigned DEFAULT NULL,
  `operadora_id` int(11) unsigned DEFAULT NULL,
  `observacao` varchar(145) DEFAULT NULL,
  `updated_at` timestamp NULL DEFAULT NULL ON UPDATE current_timestamp(),
  PRIMARY KEY (`id`),
  KEY `FK_PLANOS_GRUPOS` (`grupo_id`),
  KEY `FK_PLANOS_OPERADORAS` (`operadora_id`),
  CONSTRAINT `FK_PLANOS_GRUPOS` FOREIGN KEY (`grupo_id`) REFERENCES `grupos` (`id`),
  CONSTRAINT `FK_PLANOS_OPERADORAS` FOREIGN KEY (`operadora_id`) REFERENCES `operadoras` (`id`)
) ENGINE=InnoDB AUTO_INCREMENT=14 DEFAULT CHARSET=utf8mb4;

-- Copiando dados para a tabela gsinfb41_global.planos: ~13 rows (aproximadamente)
DELETE FROM `planos`;
/*!40000 ALTER TABLE `planos` DISABLE KEYS */;
INSERT INTO `planos` (`id`, `plano`, `grupo_id`, `operadora_id`, `observacao`, `updated_at`) VALUES
	(1, '10GB - Pacote Internet Ilimitado', 1, 1, NULL, NULL),
	(2, 'Assinatura Plano Sob Medida', 1, 1, NULL, NULL),
	(3, 'Liberty Web Empresa 10GB', 1, 3, NULL, NULL),
	(4, 'Liberty Web Empresa Multi 20GB', 1, 3, NULL, NULL),
	(5, 'Smart Empresas 0.5GB', 1, 4, NULL, NULL),
	(6, 'Smart Empresas 10GB', 1, 4, NULL, NULL),
	(7, 'Smart Empresas 2GB', 1, 4, NULL, NULL),
	(8, 'Smart Empresas 50GB', 1, 4, NULL, NULL),
	(9, 'Smart Empresas 5GB', 1, 4, NULL, NULL),
	(10, 'Smart Empresas Nacional Voz', 1, 4, NULL, NULL),
	(11, 'Vivo Empresa Flex', 1, 4, NULL, NULL),
	(12, 'Plano Internet Box PJ', 1, 4, NULL, NULL),
	(13, 'Plano Base Internet PJ', 1, 4, NULL, NULL);
/*!40000 ALTER TABLE `planos` ENABLE KEYS */;

-- Copiando estrutura para tabela gsinfb41_global.setores
CREATE TABLE IF NOT EXISTS `setores` (
  `id` int(10) unsigned NOT NULL AUTO_INCREMENT,
  `setor` varchar(50) NOT NULL,
  `grupo_id` int(10) unsigned NOT NULL,
  `observacao` varchar(145) DEFAULT NULL,
  `updated_at` timestamp NULL DEFAULT NULL ON UPDATE current_timestamp(),
  PRIMARY KEY (`id`),
  KEY `FK_setores_grupos` (`grupo_id`),
  CONSTRAINT `FK_SETORES_GRUPOS` FOREIGN KEY (`grupo_id`) REFERENCES `setores` (`id`)
) ENGINE=InnoDB AUTO_INCREMENT=86 DEFAULT CHARSET=utf8mb4;

-- Copiando dados para a tabela gsinfb41_global.setores: ~85 rows (aproximadamente)
DELETE FROM `setores`;
/*!40000 ALTER TABLE `setores` DISABLE KEYS */;
INSERT INTO `setores` (`id`, `setor`, `grupo_id`, `observacao`, `updated_at`) VALUES
	(1, 'A Gazeta.com', 1, NULL, NULL),
	(2, 'Área Industrial', 1, NULL, NULL),
	(3, 'Assessoria de Comunicação Emp.', 1, NULL, NULL),
	(4, 'Assessoria Jurídica', 1, NULL, NULL),
	(5, 'Call Center', 1, NULL, NULL),
	(6, 'Cedoc', 1, NULL, NULL),
	(7, 'Central Gazeta de Produções', 1, NULL, NULL),
	(8, 'Comercial / Marketing', 1, NULL, NULL),
	(9, 'Comercial G1 Ge', 1, NULL, NULL),
	(10, 'Comercial Gazeta Digital', 1, NULL, NULL),
	(11, 'Comercial Mídia Eletrônica Rad', 1, NULL, NULL),
	(12, 'Comercial Multimidia', 1, NULL, NULL),
	(13, 'Comercial Rádio Litoral Linhares', 1, NULL, NULL),
	(14, 'Comunicação Mercadologica', 1, NULL, NULL),
	(15, 'Conselho Administração', 1, NULL, NULL),
	(16, 'Desenvol. Comercial Corp.', 1, NULL, NULL),
	(17, 'Desenvolvimento de Produto E I', 1, NULL, NULL),
	(18, 'Despesas Promocionais NA', 1, NULL, NULL),
	(19, 'Diretoria de Mercado', 1, NULL, NULL),
	(20, 'Diretoria de Redação Mídia Imp.', 1, NULL, NULL),
	(21, 'Distribuição', 1, NULL, NULL),
	(22, 'Distribuição Própria Cariacica', 1, NULL, NULL),
	(23, 'Distribuição Própria Vitória', 1, NULL, NULL),
	(24, 'Distribuição Própria Vv', 1, NULL, NULL),
	(25, 'Entrega de Assinaturas', 1, NULL, NULL),
	(26, 'Estúdio Ag', 1, NULL, NULL),
	(27, 'Fotografia', 1, NULL, NULL),
	(28, 'G1', 1, NULL, NULL),
	(29, 'Gazeta Online', 1, NULL, NULL),
	(30, 'Gerência de Operações Rádios', 1, NULL, NULL),
	(31, 'Gestão Atendim. Cliente Leitor', 1, NULL, NULL),
	(32, 'Gestão Corporativa', 1, NULL, NULL),
	(33, 'Gestão Mídia Eletrônica Tv Cachoeiro', 1, NULL, NULL),
	(34, 'Gestão Mídia Eletrônica Tv Norte', 1, NULL, NULL),
	(35, 'Hard News', 1, NULL, NULL),
	(36, 'Impressão News Liner', 1, NULL, NULL),
	(37, 'Jornalismo', 1, NULL, NULL),
	(38, 'Mant.Tec Noroes', 1, NULL, NULL),
	(39, 'Manutenção Elétrica E Climatiz', 1, NULL, NULL),
	(40, 'Manutenção Estúdios E Externas', 1, NULL, NULL),
	(41, 'Marketing', 1, NULL, NULL),
	(42, 'Marketing Tv', 1, NULL, NULL),
	(43, 'Mercado Leitor', 1, NULL, NULL),
	(44, 'Mercado Nacional', 1, NULL, NULL),
	(45, 'Midia Digital', 1, NULL, NULL),
	(46, 'Mídia Eletrônica Rádiojornalis', 1, NULL, NULL),
	(47, 'Mídia Eletrônica Telejornalismo', 1, NULL, NULL),
	(48, 'Núcleo de Performace', 1, NULL, NULL),
	(49, 'Núcleo de Vendas', 1, NULL, NULL),
	(50, 'Opec', 1, NULL, NULL),
	(51, 'Opec Rádios', 1, NULL, NULL),
	(52, 'Operação Comercial', 1, NULL, NULL),
	(53, 'Presidência', 1, NULL, NULL),
	(54, 'Primeiro Caderno', 1, NULL, NULL),
	(55, 'Primeiro Caderno Noticia Agora', 1, NULL, NULL),
	(56, 'Projetos de Engenharia', 1, NULL, NULL),
	(57, 'Radio', 1, NULL, NULL),
	(58, 'Radio Cidadã', 1, NULL, NULL),
	(59, 'Radio Jornalismo', 1, NULL, NULL),
	(60, 'Rádio Litoral', 1, NULL, NULL),
	(61, 'Radio Litoral Colatina', 1, NULL, NULL),
	(62, 'Redação M. Midia', 1, NULL, NULL),
	(63, 'Relações Institucionais', 1, NULL, NULL),
	(64, 'Reportagem', 1, NULL, NULL),
	(65, 'Rio Doce Fm', 1, NULL, NULL),
	(66, 'S.Gerais', 1, NULL, NULL),
	(67, 'Sem ID', 1, NULL, '2020-07-30 10:07:03'),
	(68, 'Serviços Gerais', 1, NULL, NULL),
	(69, 'Solo', 1, NULL, NULL),
	(70, 'Sucursal Brasília', 1, NULL, NULL),
	(71, 'Sucursal Cachoeiro', 1, NULL, NULL),
	(72, 'Sucursal Colatina', 1, NULL, NULL),
	(73, 'Suprimentos', 1, NULL, NULL),
	(74, 'Tecnologia', 1, NULL, NULL),
	(75, 'Tecnologia de Informática', 1, NULL, NULL),
	(76, 'Telejorn. Noroeste', 1, NULL, NULL),
	(77, 'Telejorn. Norte', 1, NULL, NULL),
	(78, 'Telejornalismo', 1, NULL, NULL),
	(79, 'Telemetria', 1, NULL, NULL),
	(80, 'Tesouraria', 1, NULL, NULL),
	(81, 'Transmissão / Retransmissão', 1, NULL, NULL),
	(82, 'Transporte', 1, NULL, NULL),
	(83, 'Tv Norte', 1, NULL, NULL),
	(84, 'Tv Sul', 1, NULL, NULL),
	(85, 'Venda Avulsa', 1, NULL, NULL);
/*!40000 ALTER TABLE `setores` ENABLE KEYS */;

-- Copiando estrutura para tabela gsinfb41_global.status
CREATE TABLE IF NOT EXISTS `status` (
  `id` int(10) unsigned NOT NULL AUTO_INCREMENT,
  `status` varchar(50) DEFAULT NULL,
  `observacao` varchar(145) DEFAULT NULL,
  PRIMARY KEY (`id`)
) ENGINE=InnoDB AUTO_INCREMENT=5 DEFAULT CHARSET=utf8mb4;

-- Copiando dados para a tabela gsinfb41_global.status: ~4 rows (aproximadamente)
DELETE FROM `status`;
/*!40000 ALTER TABLE `status` DISABLE KEYS */;
INSERT INTO `status` (`id`, `status`, `observacao`) VALUES
	(1, 'Ativa', NULL),
	(2, 'Cancelada', NULL),
	(3, 'Bloqueada', NULL),
	(4, 'Estoque', NULL);
/*!40000 ALTER TABLE `status` ENABLE KEYS */;

-- Copiando estrutura para tabela gsinfb41_global.subsetores
CREATE TABLE IF NOT EXISTS `subsetores` (
  `id` int(10) unsigned NOT NULL AUTO_INCREMENT,
  `subsetor` varchar(50) DEFAULT NULL,
  `grupo_id` int(10) unsigned NOT NULL,
  `observacao` varchar(145) DEFAULT NULL,
  `updated_at` timestamp NULL DEFAULT NULL ON UPDATE current_timestamp(),
  PRIMARY KEY (`id`),
  KEY `FK_subsetores_grupos` (`grupo_id`),
  CONSTRAINT `FK_SUBSETORES_GRUPOS` FOREIGN KEY (`grupo_id`) REFERENCES `grupos` (`id`)
) ENGINE=InnoDB AUTO_INCREMENT=92 DEFAULT CHARSET=utf8mb4;

-- Copiando dados para a tabela gsinfb41_global.subsetores: ~91 rows (aproximadamente)
DELETE FROM `subsetores`;
/*!40000 ALTER TABLE `subsetores` DISABLE KEYS */;
INSERT INTO `subsetores` (`id`, `subsetor`, `grupo_id`, `observacao`, `updated_at`) VALUES
	(1, '315.291.100.1529', 1, NULL, NULL),
	(2, '315.291.100.1528', 1, NULL, NULL),
	(3, '315.291.900.9822', 1, NULL, NULL),
	(4, '315.291.100.1344', 1, NULL, NULL),
	(5, '315.291.100.1500', 1, NULL, NULL),
	(6, '315.291.230.2360', 1, NULL, NULL),
	(7, '315.291.410.4400', 1, NULL, NULL),
	(8, '315.291.100.1522', 1, NULL, NULL),
	(9, '315.291.100.1374', 1, NULL, NULL),
	(10, '315.291.200.1219', 1, NULL, NULL),
	(11, '315.291.200.9720', 1, NULL, NULL),
	(12, '315.291.342.3617', 1, NULL, NULL),
	(13, '315.291.310.3600', 1, NULL, NULL),
	(14, '315.291.220.9750', 1, NULL, NULL),
	(15, '315.291.210.2310', 1, NULL, NULL),
	(16, '315.291.110.1515', 1, NULL, NULL),
	(17, '315.291.341.3616', 1, NULL, NULL),
	(18, '315.291.900.9112', 1, NULL, NULL),
	(19, '315.291.100.1200', 1, NULL, NULL),
	(20, '315.291.100.1505', 1, NULL, NULL),
	(21, '315.291.100.1220', 1, NULL, NULL),
	(22, '315.291.300.3630', 1, NULL, NULL),
	(23, '315.291.200.2120', 1, NULL, NULL),
	(24, '315.291.300.3690', 1, NULL, NULL),
	(25, '315.291.300.3300', 1, NULL, NULL),
	(26, '315.291.210.9118', 1, NULL, NULL),
	(27, '315.291.210.1251', 1, NULL, NULL),
	(28, '315.291.900.9100', 1, NULL, NULL),
	(29, '315.291.900.2216', 1, NULL, NULL),
	(30, '315.291.100.1371', 1, NULL, NULL),
	(31, '315.291.410.4300', 1, NULL, NULL),
	(32, '315.291.900.9824', 1, NULL, NULL),
	(33, '315.291.900.9826', 1, NULL, NULL),
	(34, '315.291.410.4200', 1, NULL, NULL),
	(35, '315.291.100.3200', 1, NULL, NULL),
	(36, '315.291.100.1525', 1, NULL, NULL),
	(37, '315.291.100.1352', 1, NULL, NULL),
	(38, '315.291.210.2300', 1, NULL, NULL),
	(39, '315.291.220.2220', 1, NULL, NULL),
	(40, '315.291.900.9000', 1, NULL, NULL),
	(41, '315.291.100.1378', 1, NULL, NULL),
	(42, '315.291.210.2473', 1, NULL, NULL),
	(43, '315.291.200.2150', 1, NULL, NULL),
	(44, '315.291.200.2470', 1, NULL, NULL),
	(45, '315.291.210.2471', 1, NULL, NULL),
	(46, '315.291.100.1503', 1, NULL, NULL),
	(47, '315.291.900.9107', 1, NULL, NULL),
	(48, '315.291.100.1251', 1, NULL, NULL),
	(49, '315.291.300.9220', 1, NULL, NULL),
	(50, '315.291.900.9710', 1, NULL, NULL),
	(51, '315.291.210.2240', 1, NULL, NULL),
	(52, '315.291.100.9107', 1, NULL, NULL),
	(53, '315.291.900.9120', 1, NULL, NULL),
	(54, '315.291.100.1211', 1, NULL, NULL),
	(55, '315.291.312.3208', 1, NULL, NULL),
	(56, '315.291.100.9220', 1, NULL, NULL),
	(57, '315.291.312.3618', 1, NULL, NULL),
	(58, '315.291.210.2200', 1, NULL, NULL),
	(59, '315.291.200.2610', 1, NULL, NULL),
	(60, '315.291.322.3611', 1, NULL, NULL),
	(61, '315.291.210.1220', 1, NULL, NULL),
	(62, '315.291.900.1220', 1, NULL, NULL),
	(63, '315.291.100.1521', 1, NULL, NULL),
	(64, '315.291.900.9790', 1, NULL, NULL),
	(65, '315.291.210.2600', 1, NULL, NULL),
	(66, '315.291.200.9790', 1, NULL, NULL),
	(67, '315.291.900.9101', 1, NULL, NULL),
	(68, '315.291.100.1150', 1, NULL, NULL),
	(69, '315.291.900.9810', 1, NULL, NULL),
	(70, '315.291.300.3215', 1, NULL, NULL),
	(71, '315.291.900.9725', 1, NULL, NULL),
	(72, '315.291.300.2200', 1, NULL, NULL),
	(73, '315.291.300.1212', 1, NULL, NULL),
	(74, '315.291.230.9760', 1, NULL, NULL),
	(75, '315.291.220.2350', 1, NULL, NULL),
	(76, '315.291.100.1400', 1, NULL, NULL),
	(77, '315.291.900.9111', 1, NULL, NULL),
	(78, '315.291.900.9315', 1, NULL, NULL),
	(79, '315.291.900.9700', 1, NULL, NULL),
	(80, '315.291.100.1251', 1, NULL, '2020-07-30 10:27:27'),
	(81, '315.291.260.2370', 1, NULL, NULL),
	(82, '315.291.260.9770', 1, NULL, NULL),
	(83, '315.291.100.1373', 1, NULL, NULL),
	(84, '315.291.900.9230', 1, NULL, NULL),
	(85, '315.291.100.1346', 1, NULL, NULL),
	(86, '315.291.200.2110', 1, NULL, NULL),
	(87, '315.291.120.1212', 1, NULL, NULL),
	(88, '315.291.200.2220', 1, NULL, NULL),
	(89, '315.291.300.1200', 1, NULL, NULL),
	(90, '315.291.410.4410', 1, NULL, NULL),
	(91, 'SEM ID', 1, NULL, '2020-08-03 16:31:52');
/*!40000 ALTER TABLE `subsetores` ENABLE KEYS */;

-- Copiando estrutura para tabela gsinfb41_global.tipos_linhas
CREATE TABLE IF NOT EXISTS `tipos_linhas` (
  `id` int(11) unsigned NOT NULL AUTO_INCREMENT,
  `tipo` varchar(15) DEFAULT NULL,
  PRIMARY KEY (`id`),
  UNIQUE KEY `tipos_UNIQUE` (`tipo`)
) ENGINE=InnoDB AUTO_INCREMENT=5 DEFAULT CHARSET=utf8mb4;

-- Copiando dados para a tabela gsinfb41_global.tipos_linhas: ~4 rows (aproximadamente)
DELETE FROM `tipos_linhas`;
/*!40000 ALTER TABLE `tipos_linhas` DISABLE KEYS */;
INSERT INTO `tipos_linhas` (`id`, `tipo`) VALUES
	(2, 'Dados'),
	(4, 'M2M'),
	(1, 'Voz'),
	(3, 'Voz + Dados');
/*!40000 ALTER TABLE `tipos_linhas` ENABLE KEYS */;

-- Copiando estrutura para tabela gsinfb41_global.tipos_usuarios
CREATE TABLE IF NOT EXISTS `tipos_usuarios` (
  `id` int(2) unsigned NOT NULL AUTO_INCREMENT,
  `tipo_usuario` varchar(15) NOT NULL DEFAULT '0',
  `observacao` varchar(145) DEFAULT NULL,
  `updated_at` timestamp NULL DEFAULT NULL,
  PRIMARY KEY (`id`) USING BTREE
) ENGINE=InnoDB AUTO_INCREMENT=3 DEFAULT CHARSET=utf8mb4 ROW_FORMAT=DYNAMIC;

-- Copiando dados para a tabela gsinfb41_global.tipos_usuarios: ~2 rows (aproximadamente)
DELETE FROM `tipos_usuarios`;
/*!40000 ALTER TABLE `tipos_usuarios` DISABLE KEYS */;
INSERT INTO `tipos_usuarios` (`id`, `tipo_usuario`, `observacao`, `updated_at`) VALUES
	(1, 'Administrador', NULL, NULL),
	(2, 'Usuario', NULL, NULL);
/*!40000 ALTER TABLE `tipos_usuarios` ENABLE KEYS */;

-- Copiando estrutura para tabela gsinfb41_global.ultimos_usuarios
CREATE TABLE IF NOT EXISTS `ultimos_usuarios` (
  `id` int(11) unsigned NOT NULL AUTO_INCREMENT,
  `ultimo_usuario` varchar(50) DEFAULT NULL,
  `linha` varchar(11) DEFAULT NULL,
  `data_inicio` date DEFAULT NULL,
  `data_termino` date DEFAULT NULL,
  `data_alteracao` timestamp NOT NULL DEFAULT current_timestamp() ON UPDATE current_timestamp(),
  PRIMARY KEY (`id`)
) ENGINE=InnoDB AUTO_INCREMENT=414 DEFAULT CHARSET=utf8mb4;

-- Copiando dados para a tabela gsinfb41_global.ultimos_usuarios: ~412 rows (aproximadamente)
DELETE FROM `ultimos_usuarios`;
/*!40000 ALTER TABLE `ultimos_usuarios` DISABLE KEYS */;
INSERT INTO `ultimos_usuarios` (`id`, `ultimo_usuario`, `linha`, `data_inicio`, `data_termino`, `data_alteracao`) VALUES
	(1, 'Sidney Magno Fagundes Nov', '27998706735', '2020-08-03', NULL, '2020-08-03 16:20:45'),
	(2, 'Site G1', '27999858946', '2020-08-03', NULL, '2020-08-03 16:20:45'),
	(3, 'Estoque', '27999390251', '2020-08-03', NULL, '2020-08-03 16:20:45'),
	(4, 'Brunela Alves Ribeiro', '27998704403', '2020-08-03', NULL, '2020-08-03 16:20:45'),
	(5, 'Carla Sobreira Gomes de O', '27992493189', '2020-08-03', NULL, '2020-08-03 16:20:45'),
	(6, 'Carro de Externa', '27999822994', '2020-08-03', NULL, '2020-08-03 16:20:45'),
	(7, 'Daniel Encarnação Carrare', '27992221760', '2020-08-03', NULL, '2020-08-03 16:20:45'),
	(8, 'Distribuição Própria', '27992778535', '2020-08-03', NULL, '2020-08-03 16:20:45'),
	(9, 'Edson Sodre Rocha', '27992782095', '2020-08-03', NULL, '2020-08-03 16:20:45'),
	(10, 'Elaine Cristina Ferreira ', '27981467069', '2020-08-03', NULL, '2020-08-03 16:20:45'),
	(11, 'Equipe Marketing', '27981372698', '2020-08-03', NULL, '2020-08-03 16:20:45'),
	(12, 'CBK - Manutv', '27992911369', '2020-08-03', NULL, '2020-08-03 16:20:45'),
	(13, 'G.Oline (Iphone)', '27999193116', '2020-08-03', NULL, '2020-08-03 16:20:45'),
	(14, 'Gabriel Filipe Rodrigues ', '27996480305', '2020-08-03', NULL, '2020-08-03 16:20:45'),
	(15, 'Gazeta AM', '27996527707', '2020-08-03', NULL, '2020-08-03 16:20:45'),
	(16, 'Geraldo Nascimento Ramos', '27998706222', '2020-08-03', NULL, '2020-08-03 16:20:45'),
	(17, 'Joelder Dansi', '27999305951', '2020-08-03', NULL, '2020-08-03 16:20:45'),
	(18, 'Joyce Silva Meriguetti', '27998510945', '2020-08-03', NULL, '2020-08-03 16:20:45'),
	(19, 'Juliana Avanza', '27997163335', '2020-08-03', NULL, '2020-08-03 16:20:45'),
	(20, 'Estoque', '27992417729', '2020-08-03', NULL, '2020-08-03 16:20:45'),
	(21, 'Litoral Colatina', '27996526580', '2020-08-03', NULL, '2020-08-03 16:20:45'),
	(22, 'Litoral Linhares', '27999470848', '2020-08-03', NULL, '2020-08-03 16:20:45'),
	(23, 'Estoque', '27992258683', '2020-08-03', NULL, '2020-08-03 16:20:45'),
	(24, 'Marcia Lino/ Andressa Mac', '27996598218', '2020-08-03', NULL, '2020-08-03 16:20:45'),
	(25, 'Marcio Chagas do Nascimen', '27998519509', '2020-08-03', NULL, '2020-08-03 16:20:45'),
	(26, 'Marcio Machado', '27997684920', '2020-08-03', NULL, '2020-08-03 16:20:45'),
	(27, 'N.Agora (Reporteres)', '27999413722', '2020-08-03', NULL, '2020-08-03 16:20:45'),
	(28, 'Núcleo de Vendas', '27999692084', '2020-08-03', NULL, '2020-08-03 16:20:45'),
	(29, 'Philipe Garozi', '27998706696', '2020-08-03', NULL, '2020-08-03 16:20:45'),
	(30, 'Radio Litoral FM102', '27992994295', '2020-08-03', NULL, '2020-08-03 16:20:45'),
	(31, 'Redação JN', '28998857119', '2020-08-03', NULL, '2020-08-03 16:20:45'),
	(32, 'Redação Multimídia', '27998364096', '2020-08-03', NULL, '2020-08-03 16:20:45'),
	(33, 'Redação Multimídia', '27981287692', '2020-08-03', NULL, '2020-08-03 16:20:45'),
	(34, 'Samanta Nogueira', '27999835130', '2020-08-03', NULL, '2020-08-03 16:20:45'),
	(35, 'Samuel Rodrigues de Souza', '27992356650', '2020-08-03', NULL, '2020-08-03 16:20:45'),
	(36, 'Estoque', '27992346150', '2020-08-03', NULL, '2020-08-03 16:20:45'),
	(37, 'Whatsapp Antena 1', '27999413752', '2020-08-03', NULL, '2020-08-03 16:20:45'),
	(38, 'Whatsapp Cbn', '27992994297', '2020-08-03', NULL, '2020-08-03 16:20:45'),
	(39, 'Whatsapp Litoral Linhares', '27997138504', '2020-08-03', NULL, '2020-08-03 16:20:45'),
	(40, 'Whatsapp Marcelo Rangel', '27997745996', '2020-08-03', NULL, '2020-08-03 16:20:45'),
	(41, 'Whatsapp Marcelo Rangel', '27998517004', '2020-08-03', NULL, '2020-08-03 16:20:45'),
	(42, 'Whatsapp Marcelo Rangel', '27999240886', '2020-08-03', NULL, '2020-08-03 16:20:45'),
	(43, 'Whatsapp Renan', '27997051237', '2020-08-03', NULL, '2020-08-03 16:20:45'),
	(44, 'Whatsapp Renan', '27997163620', '2020-08-03', NULL, '2020-08-03 16:20:45'),
	(45, 'Whatsapp Renan', '27997255039', '2020-08-03', NULL, '2020-08-03 16:20:45'),
	(46, 'Whatsapp Renan', '27997308392', '2020-08-03', NULL, '2020-08-03 16:20:45'),
	(47, 'Whatsapp Renan', '27997489469', '2020-08-03', NULL, '2020-08-03 16:20:45'),
	(48, 'Whatsapp Renan', '27997246071', '2020-08-03', NULL, '2020-08-03 16:20:45'),
	(49, 'Whatsapp Renan', '27992720266', '2020-08-03', NULL, '2020-08-03 16:20:46'),
	(50, 'Emprestado Para Renan Fae', '27997101067', '2020-08-03', NULL, '2020-08-03 16:20:46'),
	(51, 'Sayonara da Rocha Brandao', '27981279854', '2020-08-03', NULL, '2020-08-03 16:20:46'),
	(52, 'Abdo Chequer Bou-Habib', '27999789769', '2020-08-03', NULL, '2020-08-03 16:20:46'),
	(53, 'Adalberto Fialho Mota Jun', '27992262456', '2020-08-03', NULL, '2020-08-03 16:20:46'),
	(54, 'Adinalte João Beltrame ( ', '27998269148', '2020-08-03', NULL, '2020-08-03 16:20:46'),
	(55, 'Adinalte Joao Beltrame V', '27981397545', '2020-08-03', NULL, '2020-08-03 16:20:46'),
	(56, 'Adinalte Joao Beltrame V', '27998485842', '2020-08-03', NULL, '2020-08-03 16:20:46'),
	(57, 'Adinalte Joao Beltrame V', '27999277083', '2020-08-03', NULL, '2020-08-03 16:20:46'),
	(58, 'Adinalte Joao Beltrame V', '27999890776', '2020-08-03', NULL, '2020-08-03 16:20:46'),
	(59, 'Adinalte Joao Beltrame V', '27997163466', '2020-08-03', NULL, '2020-08-03 16:20:46'),
	(60, 'Adinalte Joao Beltrame V', '27999837698', '2020-08-03', NULL, '2020-08-03 16:20:46'),
	(61, 'Adinalte Joao Beltrame V', '27995109262', '2020-08-03', NULL, '2020-08-03 16:20:46'),
	(62, 'Aglisson - Whatsapp', '27992431400', '2020-08-03', NULL, '2020-08-03 16:20:46'),
	(63, 'Cristiane da Silva Rosa C', '28999085366', '2020-08-03', NULL, '2020-08-03 16:20:46'),
	(64, 'Ana Isabella Almeida Fari', '27998517767', '2020-08-03', NULL, '2020-08-03 16:20:46'),
	(65, 'Caroline Farias', '27996974519', '2020-08-03', NULL, '2020-08-03 16:20:46'),
	(66, 'Andre Hees de Carvalho', '27999938076', '2020-08-03', NULL, '2020-08-03 16:20:46'),
	(67, 'Julia P. Bravo ', '27995115571', '2020-08-03', NULL, '2020-08-03 16:20:46'),
	(68, 'Andre Luis Furlanetto Pac', '27997144431', '2020-08-03', NULL, '2020-08-03 16:20:46'),
	(69, 'Davi Wescley Dos Santos', '27998706201', '2020-08-03', NULL, '2020-08-03 16:20:46'),
	(70, 'André Santanna (Motorista', '27998364107', '2020-08-03', NULL, '2020-08-03 16:20:46'),
	(71, 'Andre Viana', '27992453417', '2020-08-03', NULL, '2020-08-03 16:20:46'),
	(72, 'Andreia Carolina Lima Ros', '27998706656', '2020-08-03', NULL, '2020-08-03 16:20:46'),
	(73, 'Wagner Coutinho Rogério', '27997532739', '2020-08-03', NULL, '2020-08-03 16:20:46'),
	(74, 'Angela Theodoro de Souza', '27992490456', '2020-08-03', NULL, '2020-08-03 16:20:46'),
	(75, 'Vinicius Baptista Dos Anj', '27992345530', '2020-08-03', NULL, '2020-08-03 16:20:46'),
	(76, 'Angelo Dias', '27999950753', '2020-08-03', NULL, '2020-08-03 16:20:46'),
	(77, 'Antonio Cinelli', '27999697231', '2020-08-03', NULL, '2020-08-03 16:20:46'),
	(78, 'Beatriz Caliman da Silva', '28999452971', '2020-08-03', NULL, '2020-08-03 16:20:46'),
	(79, 'Benfica(Identificar)', '27995117479', '2020-08-03', NULL, '2020-08-03 16:20:46'),
	(80, 'Benfica(Identificar)', '27995117391', '2020-08-03', NULL, '2020-08-03 16:20:46'),
	(81, 'ManuTV - Vinicius', '27995117130', '2020-08-03', NULL, '2020-08-03 16:20:46'),
	(82, 'ManuTV - Vinicius', '27995115835', '2020-08-03', NULL, '2020-08-03 16:20:46'),
	(83, 'Benfica (Identificar)', '27995115112', '2020-08-03', NULL, '2020-08-03 16:20:46'),
	(84, 'Manutv - Vinicius', '27995114733', '2020-08-03', NULL, '2020-08-03 16:20:46'),
	(85, 'Manutv - Vinicius', '27995113307', '2020-08-03', NULL, '2020-08-03 16:20:46'),
	(86, 'Bloqueada Gestor', '27992240765', '2020-08-03', NULL, '2020-08-03 16:20:46'),
	(87, 'Bloqueada Gestor', '27992271945', '2020-08-03', NULL, '2020-08-03 16:20:46'),
	(88, 'Bloqueada Gestor', '27992279409', '2020-08-03', NULL, '2020-08-03 16:20:46'),
	(89, 'Bloqueada Gestor', '27992285585', '2020-08-03', NULL, '2020-08-03 16:20:46'),
	(90, 'Bloqueada Gestor', '27992290878', '2020-08-03', NULL, '2020-08-03 16:20:46'),
	(91, 'Bloqueada Gestor', '27992292885', '2020-08-03', NULL, '2020-08-03 16:20:46'),
	(92, 'Bloqueada Gestor', '27992458403', '2020-08-03', NULL, '2020-08-03 16:20:46'),
	(93, 'Bloqueada Gestor', '27992399228', '2020-08-03', NULL, '2020-08-03 16:20:46'),
	(94, 'Bloqueada Gestor', '27992431685', '2020-08-03', NULL, '2020-08-03 16:20:46'),
	(95, 'Bloqueada Gestor', '27992570859', '2020-08-03', NULL, '2020-08-03 16:20:46'),
	(96, 'Bloqueada Gestor', '27992571467', '2020-08-03', NULL, '2020-08-03 16:20:46'),
	(97, 'Bloqueada Gestor', '27992571516', '2020-08-03', NULL, '2020-08-03 16:20:46'),
	(98, 'Bloqueada Gestor', '27992575073', '2020-08-03', NULL, '2020-08-03 16:20:46'),
	(99, 'Telejorn. (A Disp.)', '27992579628', '2020-08-03', NULL, '2020-08-03 16:20:46'),
	(100, 'Bloqueada Gestor', '27992598759', '2020-08-03', NULL, '2020-08-03 16:20:46'),
	(101, 'Bloqueada Gestor', '27998704325', '2020-08-03', NULL, '2020-08-03 16:20:46'),
	(102, 'Bloqueada Gestor', '27996988230', '2020-08-03', NULL, '2020-08-03 16:20:46'),
	(103, 'Bloqueada Gestor', '27995091764', '2020-08-03', NULL, '2020-08-03 16:20:46'),
	(104, 'Bloqueada Gestor', '27995094717', '2020-08-03', NULL, '2020-08-03 16:20:46'),
	(105, 'Bloqueada Gestor', '27997163312', '2020-08-03', NULL, '2020-08-03 16:20:46'),
	(106, 'Bruno Araujo Izidoro Pere', '27999859294', '2020-08-03', NULL, '2020-08-03 16:20:46'),
	(107, 'Bruno Dalvi Rampinelli', '27981358288', '2020-08-03', NULL, '2020-08-03 16:20:46'),
	(108, 'Bruno Passoni', '28999441380', '2020-08-03', NULL, '2020-08-03 16:20:46'),
	(109, 'Carie - Carlos Lind. Filh', '27999896093', '2020-08-03', NULL, '2020-08-03 16:20:46'),
	(110, 'Carie - Carlos Lind. Filh', '27999845201', '2020-08-03', NULL, '2020-08-03 16:20:46'),
	(111, 'Carla Sobreira Gomes de O', '27999815420', '2020-08-03', NULL, '2020-08-03 16:20:46'),
	(112, 'Carla Sobreira Gomes de O', '27999100549', '2020-08-03', NULL, '2020-08-03 16:20:46'),
	(113, 'Carlos Alberto da Silva', '27981372814', '2020-08-03', NULL, '2020-08-03 16:20:46'),
	(114, ' Mariana Tavares de Menez', '27993165219', '2020-08-03', NULL, '2020-08-03 16:20:46'),
	(115, 'Carlos Eduardo Dutra', '27995257784', '2020-08-03', NULL, '2020-08-03 16:20:46'),
	(116, 'Carlos Eduardo Pena', '27999430591', '2020-08-03', NULL, '2020-08-03 16:20:46'),
	(117, 'Carlos Fernando Lindenber', '27997470225', '2020-08-03', NULL, '2020-08-03 16:20:46'),
	(118, 'Carlos Fernando Monteiro ', '27999811760', '2020-08-03', NULL, '2020-08-03 16:20:46'),
	(119, 'Carlos Gonzaga Sousa Filh', '27999617717', '2020-08-03', NULL, '2020-08-03 16:20:46'),
	(120, 'Carlos Henrique Benfica N', '27999816158', '2020-08-03', NULL, '2020-08-03 16:20:46'),
	(121, 'Carro de Externa (Doblo 1', '27999860352', '2020-08-03', NULL, '2020-08-03 16:20:46'),
	(122, 'Carro de Externa (Doblo 2', '27999860092', '2020-08-03', NULL, '2020-08-03 16:20:46'),
	(123, 'CBK - ManuTV', '27996439504', '2020-08-03', NULL, '2020-08-03 16:20:46'),
	(124, 'CBK - ManuTV', '27998553160', '2020-08-03', NULL, '2020-08-03 16:20:46'),
	(125, 'CBK - ManuTV', '27996436546', '2020-08-03', NULL, '2020-08-03 16:20:46'),
	(126, 'CBK - ManuTV', '27992942835', '2020-08-03', NULL, '2020-08-03 16:20:46'),
	(127, 'CBK - ManuTV', '27992947749', '2020-08-03', NULL, '2020-08-03 16:20:46'),
	(128, 'CBK - ManuTV', '27992964916', '2020-08-03', NULL, '2020-08-03 16:20:46'),
	(129, 'CBK - ManuTV', '27992971685', '2020-08-03', NULL, '2020-08-03 16:20:46'),
	(130, 'Cesar Carreiro Fernandes', '27998515429', '2020-08-03', NULL, '2020-08-03 16:20:46'),
	(131, 'Cinegrafia 1  (A Disp.)', '27981358316', '2020-08-03', NULL, '2020-08-03 16:20:46'),
	(132, 'Cinegrafia 2 (A Disp.)', '27981358293', '2020-08-03', NULL, '2020-08-03 16:20:46'),
	(133, 'Cinegrafia 4 (A Disp.)', '27981358308', '2020-08-03', NULL, '2020-08-03 16:20:46'),
	(134, 'Claro - PABX', '27992543161', '2020-08-03', NULL, '2020-08-03 16:20:46'),
	(135, 'Claro - PABX', '27992546448', '2020-08-03', NULL, '2020-08-03 16:20:46'),
	(136, 'Claro Estoque', '27992270320', '2020-08-03', NULL, '2020-08-03 16:20:46'),
	(137, 'Claro Estoque', '27992299306', '2020-08-03', NULL, '2020-08-03 16:20:46'),
	(138, 'Claro Estoque', '27992943027', '2020-08-03', NULL, '2020-08-03 16:20:46'),
	(139, 'Clube do Assinante', '27999937736', '2020-08-03', NULL, '2020-08-03 16:20:46'),
	(140, 'Clube do Assinante', '27999862115', '2020-08-03', NULL, '2020-08-03 16:20:46'),
	(141, 'Comunicação Interna', '27999789792', '2020-08-03', NULL, '2020-08-03 16:20:46'),
	(142, 'Dalva de Souza Cardozo', '27992343347', '2020-08-03', NULL, '2020-08-03 16:20:46'),
	(143, 'Daniel Carraretto', '27998364089', '2020-08-03', NULL, '2020-08-03 16:20:46'),
	(144, 'Daniela Lobo da Silva', '27992290646', '2020-08-03', NULL, '2020-08-03 16:20:46'),
	(145, 'Deverson Clemencio', '27998485856', '2020-08-03', NULL, '2020-08-03 16:20:46'),
	(146, 'Estoque', '27995109830', '2020-08-03', NULL, '2020-08-03 16:20:46'),
	(147, 'Diego Eduardo de Lucena', '27995113284', '2020-08-03', NULL, '2020-08-03 16:20:46'),
	(148, 'Estoque', '27996600322', '2020-08-03', NULL, '2020-08-03 16:20:46'),
	(149, 'Edilio Silva de Santana', '27992253944', '2020-08-03', NULL, '2020-08-03 16:20:46'),
	(150, 'Editoria de Policia - A D', '27999413712', '2020-08-03', NULL, '2020-08-03 16:20:46'),
	(151, 'Disponível', '27998511328', '2020-08-03', NULL, '2020-08-03 16:20:46'),
	(152, 'Eduardo Felipe Fachetti L', '27981372813', '2020-08-03', NULL, '2020-08-03 16:20:46'),
	(153, 'Eduardo Lindemberg', '27999733514', '2020-08-03', NULL, '2020-08-03 16:20:46'),
	(154, 'Polliany Teotonio de Oliv', '27999305736', '2020-08-03', NULL, '2020-08-03 16:20:46'),
	(155, 'Emerson Minini de Souza', '27992932602', '2020-08-03', NULL, '2020-08-03 16:20:46'),
	(156, 'Empresa Radio Difusora Lt', '28999774912', '2020-08-03', NULL, '2020-08-03 16:20:46'),
	(157, 'Equipe de Engenharia', '28998857120', '2020-08-03', NULL, '2020-08-03 16:20:46'),
	(158, 'Equipe de Marketing', '27992354647', '2020-08-03', NULL, '2020-08-03 16:20:46'),
	(159, 'Estoque', '27999966274', '2020-08-03', NULL, '2020-08-03 16:20:46'),
	(160, 'Rossieni Rodrigues Duraes', '27981385520', '2020-08-03', NULL, '2020-08-03 16:20:46'),
	(161, 'Estoque', '28999819994', '2020-08-03', NULL, '2020-08-03 16:20:46'),
	(162, 'Estoque - G1', '27992458570', '2020-08-03', NULL, '2020-08-03 16:20:46'),
	(163, 'CBK - ManuTV', '27995116681', '2020-08-03', NULL, '2020-08-03 16:20:46'),
	(164, 'Estoque Tv Sul - Parada', '28999531775', '2020-08-03', NULL, '2020-08-03 16:20:46'),
	(165, 'Estudio Litoral - Promoçã', '28999183488', '2020-08-03', NULL, '2020-08-03 16:20:46'),
	(166, 'Fabio Correa Botacin', '27998512196', '2020-08-03', NULL, '2020-08-03 16:20:46'),
	(167, 'Felipe Medeiros Lopes Cou', '27992243846', '2020-08-03', NULL, '2020-08-03 16:20:46'),
	(168, 'Fernanda de Queiroz Castr', '27992994298', '2020-08-03', NULL, '2020-08-03 16:20:46'),
	(169, 'Fernanda Ferreira Gomes', '27992393246', '2020-08-03', NULL, '2020-08-03 16:20:46'),
	(170, 'Milson Bonomo - Moden', '27999789576', '2020-08-03', NULL, '2020-08-03 16:20:46'),
	(171, 'Fernando Madeira', '27981372809', '2020-08-03', NULL, '2020-08-03 16:20:46'),
	(172, 'Fernando Moreira', '28999083384', '2020-08-03', NULL, '2020-08-03 16:20:46'),
	(173, 'G.Produc. (A Disp.)', '27999617713', '2020-08-03', NULL, '2020-08-03 16:20:46'),
	(174, 'Gabriel Alves Moura', '27998518462', '2020-08-03', NULL, '2020-08-03 16:20:46'),
	(175, 'Gazeta Box 1 - Daniel Car', '27997797695', '2020-08-03', NULL, '2020-08-03 16:20:46'),
	(176, 'Gazeta Fm', '27995111536', '2020-08-03', NULL, '2020-08-03 16:20:46'),
	(177, 'Gazeta Online', '27998006135', '2020-08-03', NULL, '2020-08-03 16:20:46'),
	(178, 'Gazeta Online', '27998364063', '2020-08-03', NULL, '2020-08-03 16:20:46'),
	(179, 'Gazeta Online', '27999789873', '2020-08-03', NULL, '2020-08-03 16:20:46'),
	(180, 'Gazeta Online - Moden 4G', '27995107265', '2020-08-03', NULL, '2020-08-03 16:20:46'),
	(181, 'Estoque', '27998706469', '2020-08-03', NULL, '2020-08-03 16:20:46'),
	(182, 'Giliard Ferreira de Jesus', '27992346755', '2020-08-03', NULL, '2020-08-03 16:20:46'),
	(183, 'Giovana Lanna Dobal', '27981358290', '2020-08-03', NULL, '2020-08-03 16:20:46'),
	(184, 'Sofia', '27981438482', '2020-08-03', NULL, '2020-08-03 16:20:46'),
	(185, 'Helder Luciano de Oliveir', '27999789897', '2020-08-03', NULL, '2020-08-03 16:20:46'),
	(186, 'Ronaldo Henrique da Cruz', '27992480054', '2020-08-03', NULL, '2020-08-03 16:20:46'),
	(187, 'Hugo Batista Prudêncio', '27992346828', '2020-08-03', NULL, '2020-08-03 16:20:46'),
	(188, 'Informatica Moden Antigo', '27999463531', '2020-08-03', NULL, '2020-08-03 16:20:46'),
	(189, 'Ivan Henrique Seatttle Re', '27999639525', '2020-08-03', NULL, '2020-08-03 16:20:46'),
	(190, 'Jocimar Breda', '27999016435', '2020-08-03', NULL, '2020-08-03 16:20:46'),
	(191, 'Joelder', '27997206960', '2020-08-03', NULL, '2020-08-03 16:20:46'),
	(192, 'Mario Augusto da Silva Bo', '27997981808', '2020-08-03', NULL, '2020-08-03 16:20:46'),
	(193, 'Jornalismo Tv Norte', '27992480363', '2020-08-03', NULL, '2020-08-03 16:20:46'),
	(194, 'Jose Lopes Dos Santos Roc', '27981358291', '2020-08-03', NULL, '2020-08-03 16:20:46'),
	(195, 'Jose Zacarias Chinelato', '27999739122', '2020-08-03', NULL, '2020-08-03 16:20:46'),
	(196, 'Kaique Verli de Souza', '27998706823', '2020-08-03', NULL, '2020-08-03 16:20:46'),
	(197, 'Kassius Vinicius Sipolati', '27998510304', '2020-08-03', NULL, '2020-08-03 16:20:46'),
	(198, 'Leandro - Opec Tv', '27995163789', '2020-08-03', NULL, '2020-08-03 16:20:46'),
	(199, 'Leila Marchesi Lima', '27992491889', '2020-08-03', NULL, '2020-08-03 16:20:46'),
	(200, 'Leonardo Marini Leal', '27999697234', '2020-08-03', NULL, '2020-08-03 16:20:46'),
	(201, 'Leticia Paoliello Lindenb', '27999824592', '2020-08-03', NULL, '2020-08-03 16:20:46'),
	(202, 'Edson Guidoni de Oliveira', '27995110372', '2020-08-03', NULL, '2020-08-03 16:20:46'),
	(203, 'Linha Nova - Dados', '27995108062', '2020-08-03', NULL, '2020-08-03 16:20:46'),
	(204, 'Litoral  (Só Rec. Sms)', '27999861050', '2020-08-03', NULL, '2020-08-03 16:20:46'),
	(205, 'Litoral Vitoria', '27999463013', '2020-08-03', NULL, '2020-08-03 16:20:46'),
	(206, 'Luciana Vinco Pereira', '28999861402', '2020-08-03', NULL, '2020-08-03 16:20:46'),
	(207, 'Luciano Faco', '27981358262', '2020-08-03', NULL, '2020-08-03 16:20:46'),
	(208, 'Luiz Guilherme de Melo', '27999859606', '2020-08-03', NULL, '2020-08-03 16:20:46'),
	(209, 'Manut. Eletrica', '27981358294', '2020-08-03', NULL, '2020-08-03 16:20:46'),
	(210, 'Manut. Tv - Accesso Litor', '27999364672', '2020-08-03', NULL, '2020-08-03 16:20:46'),
	(211, 'Manut. Tv (A Disp.)', '27999095462', '2020-08-03', NULL, '2020-08-03 16:20:46'),
	(212, 'Manut. Tv (A Disp.)', '27999095463', '2020-08-03', NULL, '2020-08-03 16:20:46'),
	(213, 'Manut. Tv (Mochilink0. Vo', '27998706176', '2020-08-03', NULL, '2020-08-03 16:20:46'),
	(214, 'Manut. Tv (Mochilink0. Vo', '27998364055', '2020-08-03', NULL, '2020-08-03 16:20:46'),
	(215, 'Manut. Tv (Modem 3G Tv Di', '27999056874', '2020-08-03', NULL, '2020-08-03 16:20:46'),
	(216, 'Manut. Tv (Modem 4G)  Mo', '27999072059', '2020-08-03', NULL, '2020-08-03 16:20:46'),
	(217, 'Manut.Tv (Moden 3G)', '27995092657', '2020-08-03', NULL, '2020-08-03 16:20:46'),
	(218, 'Manut.Tv (Plantão)', '27999860450', '2020-08-03', NULL, '2020-08-03 16:20:46'),
	(219, 'Manutenção Em Campo - Tel', '27995108909', '2020-08-03', NULL, '2020-08-03 16:20:46'),
	(220, 'Manutv - (Modem 4G)', '27992455519', '2020-08-03', NULL, '2020-08-03 16:20:46'),
	(221, 'Manutv - Benfica Novo', '27981358303', '2020-08-03', NULL, '2020-08-03 16:20:46'),
	(222, 'Manutv - Benfica Novo', '27981358298', '2020-08-03', NULL, '2020-08-03 16:20:46'),
	(223, 'Manutv - Benfica Novo', '27992418205', '2020-08-03', NULL, '2020-08-03 16:20:46'),
	(224, 'Manutv - Benfica Novo', '27992720233', '2020-08-03', NULL, '2020-08-03 16:20:46'),
	(225, 'Manutv - Benfica Novo', '27981358309', '2020-08-03', NULL, '2020-08-03 16:20:46'),
	(226, 'Manutv - Voz', '27999494013', '2020-08-03', NULL, '2020-08-03 16:20:46'),
	(227, 'Manutv - Voz', '27999619234', '2020-08-03', NULL, '2020-08-03 16:20:46'),
	(228, 'Marcela Cristina Colodete', '27999347619', '2020-08-03', NULL, '2020-08-03 16:20:46'),
	(229, 'Marcela Souza Silva', '27992363980', '2020-08-03', NULL, '2020-08-03 16:20:46'),
	(230, 'Redação Mult. Alisson', '27998511077', '2020-08-03', NULL, '2020-08-03 16:20:46'),
	(231, 'Marcelo Rangel Fernandes ', '27992480063', '2020-08-03', NULL, '2020-08-03 16:20:46'),
	(232, 'Marcio Chagas do Nascimen', '27999789759', '2020-08-03', NULL, '2020-08-03 16:20:46'),
	(233, 'Marcos Alem Falcone Macie', '27981556807', '2020-08-03', NULL, '2020-08-03 16:20:46'),
	(234, 'Marcos Antonio Ferreira G', '27992553647', '2020-08-03', NULL, '2020-08-03 16:20:46'),
	(235, 'Margareth de Oliveira Ber', '27998229685', '2020-08-03', NULL, '2020-08-03 16:20:46'),
	(236, 'Maria Alice Paoliello Lin', '27999822987', '2020-08-03', NULL, '2020-08-03 16:20:46'),
	(237, 'Igor Guimares Estrela Rod', '27999074785', '2020-08-03', NULL, '2020-08-03 16:20:46'),
	(238, 'Maria Helena Vargas de Az', '28999452970', '2020-08-03', NULL, '2020-08-03 16:20:46'),
	(239, 'Milson Bonomo - Moden', '27998706805', '2020-08-03', NULL, '2020-08-03 16:20:46'),
	(240, 'Luana Querino P. da Costa', '27995188764', '2020-08-03', NULL, '2020-08-03 16:20:46'),
	(241, 'Michelle Batista Goltara', '27992456647', '2020-08-03', NULL, '2020-08-03 16:20:46'),
	(242, 'Milena Ribeiro de Souza', '27996971045', '2020-08-03', NULL, '2020-08-03 16:20:46'),
	(243, 'Milson - Linhares', '27981467068', '2020-08-03', NULL, '2020-08-03 16:20:46'),
	(244, 'Milson Bonomo - Moden Lin', '27981290687', '2020-08-03', NULL, '2020-08-03 16:20:46'),
	(245, 'Milson Bonomo - Moden São', '27981286960', '2020-08-03', NULL, '2020-08-03 16:20:46'),
	(246, 'Milson Bonomo de Matos', '27999841065', '2020-08-03', NULL, '2020-08-03 16:20:46'),
	(247, 'Modem - Tv Cachoeiro', '28981030728', '2020-08-03', NULL, '2020-08-03 16:20:46'),
	(248, 'Modem - Tv Cachoeiro', '28981030741', '2020-08-03', NULL, '2020-08-03 16:20:46'),
	(249, 'Modem - Tv Cachoeiro', '28981000417', '2020-08-03', NULL, '2020-08-03 16:20:46'),
	(250, 'Modem 4G - Camera Sony', '27992480098', '2020-08-03', NULL, '2020-08-03 16:20:46'),
	(251, 'Modem Linhares - Tv Norte', '27995115029', '2020-08-03', NULL, '2020-08-03 16:20:46'),
	(252, 'Modem Linhares - Tv Norte', '27995111770', '2020-08-03', NULL, '2020-08-03 16:20:46'),
	(253, 'N.Agora (Ed. de Polícia)', '27999413742', '2020-08-03', NULL, '2020-08-03 16:20:46'),
	(254, 'Omar Luiz Teles da Rosa', '27999860357', '2020-08-03', NULL, '2020-08-03 16:20:46'),
	(255, 'Osvaldino Lira', '27981385517', '2020-08-03', NULL, '2020-08-03 16:20:46'),
	(256, 'Pablyto Robert Baioco Rib', '27997163239', '2020-08-03', NULL, '2020-08-03 16:20:46'),
	(257, 'Edson Nunes', '27999858948', '2020-08-03', NULL, '2020-08-03 16:20:46'),
	(258, 'Patrick Santos ( Global )', '27999452094', '2020-08-03', NULL, '2020-08-03 16:20:46'),
	(259, 'Paula Roseli Rodrigues', '27998516597', '2020-08-03', NULL, '2020-08-03 16:20:46'),
	(260, 'Paulo Roberto Monfrin Can', '27999812095', '2020-08-03', NULL, '2020-08-03 16:20:46'),
	(261, 'Paulo Roberto Monfrin Can', '27999437274', '2020-08-03', NULL, '2020-08-03 16:20:46'),
	(262, 'Pedro Henrique de Rezende', '27992364362', '2020-08-03', NULL, '2020-08-03 16:20:46'),
	(263, 'Promoção TV', '27999858921', '2020-08-03', NULL, '2020-08-03 16:20:46'),
	(264, 'Radio (Só Recebe Sms)', '27999860021', '2020-08-03', NULL, '2020-08-03 16:20:46'),
	(265, 'Radio (Só Recebe Sms)', '27999860360', '2020-08-03', NULL, '2020-08-03 16:20:46'),
	(266, 'Rádio Cidadã (Locutor  A', '27999861410', '2020-08-03', NULL, '2020-08-03 16:20:46'),
	(267, 'Rádio FM (Modem 3G)', '27996071616', '2020-08-03', NULL, '2020-08-03 16:20:46'),
	(268, 'Rafael Anholetti Brunoro', '27981358287', '2020-08-03', NULL, '2020-08-03 16:20:46'),
	(269, 'Rafael Borges Schettino d', '27995116542', '2020-08-03', NULL, '2020-08-03 16:20:46'),
	(270, 'Rafael da Silva Alves', '27981372807', '2020-08-03', NULL, '2020-08-03 16:20:46'),
	(271, 'Rafael Monteiro de Barros', '27998516869', '2020-08-03', NULL, '2020-08-03 16:20:46'),
	(272, 'Rafael Moreira - Moden Co', '27995110240', '2020-08-03', NULL, '2020-08-03 16:20:46'),
	(273, 'Rafael Moreira Bonomo - M', '27981290819', '2020-08-03', NULL, '2020-08-03 16:20:46'),
	(274, 'Rafael Moreira Dos Santos', '27999794316', '2020-08-03', NULL, '2020-08-03 16:20:46'),
	(275, 'Rafael Queiroz Silveira', '27999860475', '2020-08-03', NULL, '2020-08-03 16:20:46'),
	(276, 'Rafael Queiroz Silveira (', '27997545402', '2020-08-03', NULL, '2020-08-03 16:20:46'),
	(277, 'Milson Bonomo - Moden', '27999859346', '2020-08-03', NULL, '2020-08-03 16:20:46'),
	(278, 'Raquel Marques Soares', '28999863481', '2020-08-03', NULL, '2020-08-03 16:20:46'),
	(279, 'Redação Multimídia', '27999786463', '2020-08-03', NULL, '2020-08-03 16:20:46'),
	(280, 'Redação Multimidia - Agli', '27996514366', '2020-08-03', NULL, '2020-08-03 16:20:46'),
	(281, 'Redação Multimidia - Agli', '27998354775', '2020-08-03', NULL, '2020-08-03 16:20:46'),
	(282, 'Redação Multimidia - Agli', '27996439350', '2020-08-03', NULL, '2020-08-03 16:20:46'),
	(283, 'Redação Multimidia - Agli', '27995303577', '2020-08-03', NULL, '2020-08-03 16:20:46'),
	(284, 'Redação Multimidia - Agli', '27999285313', '2020-08-03', NULL, '2020-08-03 16:20:46'),
	(285, 'Redação Multimídia (Galax', '27998156725', '2020-08-03', NULL, '2020-08-03 16:20:46'),
	(286, 'Redação Multimídia (Modem', '27997033991', '2020-08-03', NULL, '2020-08-03 16:20:46'),
	(287, 'Redação Multimídia (Modem', '27999072021', '2020-08-03', NULL, '2020-08-03 16:20:46'),
	(288, 'Redação Multimídia (Razr ', '27999807259', '2020-08-03', NULL, '2020-08-03 16:20:46'),
	(289, 'Renan Effgen Fae', '27992297466', '2020-08-03', NULL, '2020-08-03 16:20:46'),
	(290, 'Renan Effgen Fae - Evento', '27997791644', '2020-08-03', NULL, '2020-08-03 16:20:46'),
	(291, 'Reportagem (A Disp.)', '27998706568', '2020-08-03', NULL, '2020-08-03 16:20:46'),
	(292, 'Ricardo Medeiros Vervloet', '27981385530', '2020-08-03', NULL, '2020-08-03 16:20:46'),
	(293, 'Rio Doce FM', '27998515091', '2020-08-03', NULL, '2020-08-03 16:20:46'),
	(294, 'Rafael Queiroz Silveira', '27998706991', '2020-08-03', NULL, '2020-08-03 16:20:46'),
	(295, 'Rondinelli Suave', '27992293196', '2020-08-03', NULL, '2020-08-03 16:20:46'),
	(296, 'Rubens Errard - Alemão', '27996181457', '2020-08-03', NULL, '2020-08-03 16:20:46'),
	(297, 'Rubens Samuel Baptista', '27999697236', '2020-08-03', NULL, '2020-08-03 16:20:46'),
	(298, 'Ryan Golveia', '27995320074', '2020-08-03', NULL, '2020-08-03 16:20:46'),
	(299, 'Manutv - Voz', '27999594704', '2020-08-03', NULL, '2020-08-03 16:20:46'),
	(300, 'S.Gerais', '27998485845', '2020-08-03', NULL, '2020-08-03 16:20:46'),
	(301, 'S.Gerais (Pabx)', '27992296398', '2020-08-03', NULL, '2020-08-03 16:20:46'),
	(302, 'Sabrina Farias Dos Santos', '27992489459', '2020-08-03', NULL, '2020-08-03 16:20:46'),
	(303, 'Sac Jornal A Gazeta', '27996510452', '2020-08-03', NULL, '2020-08-03 16:20:46'),
	(304, 'Patrícia Dos Reis Lino', '27998706369', '2020-08-03', NULL, '2020-08-03 16:20:46'),
	(305, 'Sergio Luiz Lugon Grecco', '27998706328', '2020-08-03', NULL, '2020-08-03 16:20:46'),
	(306, 'Sergio Pontes', '28999713753', '2020-08-03', NULL, '2020-08-03 16:20:46'),
	(307, 'Sergio Pontes', '27997206021', '2020-08-03', NULL, '2020-08-03 16:20:46'),
	(308, 'Gazeta Online', '27981372823', '2020-08-03', NULL, '2020-08-03 16:20:46'),
	(309, 'Simone Castanheira Passos', '28999750818', '2020-08-03', NULL, '2020-08-03 16:20:46'),
	(310, 'Site G1', '27999860362', '2020-08-03', NULL, '2020-08-03 16:20:46'),
	(311, 'Tablet Radio ( Galaxy Tab', '27995117216', '2020-08-03', NULL, '2020-08-03 16:20:46'),
	(312, 'Tecnologia ( A Disposição', '27996511482', '2020-08-03', NULL, '2020-08-03 16:20:46'),
	(313, 'Telejorn. (A Disp.)', '27998704339', '2020-08-03', NULL, '2020-08-03 16:20:46'),
	(314, 'Telejorn. (A Disp.)', '27999413466', '2020-08-03', NULL, '2020-08-03 16:20:46'),
	(315, 'Telejorn. (A Disp.)', '27998706290', '2020-08-03', NULL, '2020-08-03 16:20:46'),
	(316, 'Telejorn. (A Disp.)', '27999862952', '2020-08-03', NULL, '2020-08-03 16:20:46'),
	(317, 'Telejorn. (A Disp.)', '27999738577', '2020-08-03', NULL, '2020-08-03 16:20:46'),
	(318, 'Telejorn. (A Disp.)', '27999571685', '2020-08-03', NULL, '2020-08-03 16:20:46'),
	(319, 'Telejorn. (A Disp.)', '27981358266', '2020-08-03', NULL, '2020-08-03 16:20:46'),
	(320, 'Telejorn. (A Disp.) vitor', '27981358289', '2020-08-17', '2020-08-17', '2020-08-17 14:38:54'),
	(321, 'Telejorn. (A Disp.)', '27981372804', '2020-08-03', NULL, '2020-08-03 16:20:46'),
	(322, 'Telejornalismo Noroeste', '27981380634', '2020-08-03', NULL, '2020-08-03 16:20:46'),
	(323, 'Telejornalismo Noroeste', '27981380543', '2020-08-03', NULL, '2020-08-03 16:20:46'),
	(324, 'Telejornalismo Noroeste', '27981381433', '2020-08-03', NULL, '2020-08-03 16:20:46'),
	(325, 'Telejornalismo Tv Norte', '27981381166', '2020-08-03', NULL, '2020-08-03 16:20:46'),
	(326, 'Telejornalismo Tv Norte', '27981380794', '2020-08-03', NULL, '2020-08-03 16:20:46'),
	(327, 'Telejornalismo Tv Norte', '27981380955', '2020-08-03', NULL, '2020-08-03 16:20:46'),
	(328, 'Teste - Informatica', '27992764013', '2020-08-03', NULL, '2020-08-03 16:20:46'),
	(329, 'Thais Peixoto Muniz', '27992266121', '2020-08-03', NULL, '2020-08-03 16:20:46'),
	(330, 'Thiago Pinhati', '27992355230', '2020-08-03', NULL, '2020-08-03 16:20:46'),
	(331, 'Tv Cach.', '28998857121', '2020-08-03', NULL, '2020-08-03 16:20:46'),
	(332, 'Tv Cach.', '28998857131', '2020-08-03', NULL, '2020-08-03 16:20:46'),
	(333, 'Tv Cach.', '28999914056', '2020-08-03', NULL, '2020-08-03 16:20:46'),
	(334, 'Tv Cachoeiro', '27992548486', '2020-08-03', NULL, '2020-08-03 16:20:46'),
	(335, 'Tv Norte (A Disp. Reporta', '27999852371', '2020-08-03', NULL, '2020-08-03 16:20:46'),
	(336, 'Tv Sul - Joelder', '27997849688', '2020-08-03', NULL, '2020-08-03 16:20:46'),
	(337, 'Tv Sul - Joelder', '27999699594', '2020-08-03', NULL, '2020-08-03 16:20:46'),
	(338, 'Tv Sul - Joelder', '28999964115', '2020-08-03', NULL, '2020-08-03 16:20:46'),
	(339, 'Tv Sul - Joelder', '28999017150', '2020-08-03', NULL, '2020-08-03 16:20:46'),
	(340, 'Tv Sul - Joelder', '27992973023', '2020-08-03', NULL, '2020-08-03 16:20:46'),
	(341, 'Estoque', '27992724995', '2020-08-03', NULL, '2020-08-03 16:20:46'),
	(342, 'Vinicius Baptista Dos Anj', '27999746353', '2020-08-03', NULL, '2020-08-03 16:20:46'),
	(343, 'Vinicius Catrinque Martin', '27999822540', '2020-08-03', NULL, '2020-08-03 16:20:46'),
	(344, 'Vitor Jubini Ventorin', '27981372816', '2020-08-03', NULL, '2020-08-03 16:20:46'),
	(346, 'Manut. Tv (A Disp.)', '27996675806', '2020-08-03', NULL, '2020-08-03 16:20:46'),
	(347, 'Telejorn. (A Disp.)', '27995114674', '2020-08-03', NULL, '2020-08-03 16:20:46'),
	(348, 'Vivo Box Tv Sul - Joelder', '28998852104', '2020-08-03', NULL, '2020-08-03 16:20:46'),
	(349, 'Vivo Gazeta - PABX', '27996878478', '2020-08-03', NULL, '2020-08-03 16:20:46'),
	(350, 'Vivo Gazeta - PABX', '27998379451', '2020-08-03', NULL, '2020-08-03 16:20:46'),
	(351, 'Vivo Gazeta - PABX', '27998208447', '2020-08-03', NULL, '2020-08-03 16:20:46'),
	(352, 'Vivo Gazeta - PABX', '27998725965', '2020-08-03', NULL, '2020-08-03 16:20:46'),
	(353, 'Vivo Gazeta - PABX', '27998014886', '2020-08-03', NULL, '2020-08-03 16:20:46'),
	(354, 'Vivo Gazeta - PABX', '27998849963', '2020-08-03', NULL, '2020-08-03 16:20:46'),
	(355, 'Wanderson Luiz Clemente', '27981467063', '2020-08-03', NULL, '2020-08-03 16:20:46'),
	(356, 'Camila Uliana Donna', '27998516003', '2020-08-03', NULL, '2020-08-03 16:20:46'),
	(357, 'Jornalismo Tv Linhares', '27992251115', '2020-08-03', NULL, '2020-08-03 16:20:46'),
	(358, 'Whatsapp Gazeta Online', '27981358261', '2020-08-03', NULL, '2020-08-03 16:20:46'),
	(359, 'Whatsapp/Jornalismo Tv Su', '28998857118', '2020-08-03', NULL, '2020-08-03 16:20:46'),
	(360, 'Identificar', '27995112639', '2020-08-03', NULL, '2020-08-03 16:20:46'),
	(361, 'Yuri Reis Barbosa', '27981898676', '2020-08-03', NULL, '2020-08-03 16:20:46'),
	(362, 'Renata Rasseli Zanete', '27999617723', '2020-08-03', NULL, '2020-08-03 16:20:46'),
	(363, 'Vinicius Catrinque - Inte', '27998074879', '2020-08-03', NULL, '2020-08-03 16:20:46'),
	(364, 'Vinicius Catrinque - Inte', '27998870830', '2020-08-03', NULL, '2020-08-03 16:20:46'),
	(365, 'Vinicius Catrinque - Inte', '27998876131', '2020-08-03', NULL, '2020-08-03 16:20:46'),
	(366, 'Vinicius Catrinque - Inte', '27998879219', '2020-08-03', NULL, '2020-08-03 16:20:46'),
	(367, 'Vinicius Catrinque - Inte', '27996073277', '2020-08-03', NULL, '2020-08-03 16:20:46'),
	(368, 'Vinicius Catrinque - Inte', '27996229098', '2020-08-03', NULL, '2020-08-03 16:20:46'),
	(369, 'Vinicius Catrinque - Inte', '27997610914', '2020-08-03', NULL, '2020-08-03 16:20:46'),
	(370, 'Vinicius Catrinque - Inte', '27997924657', '2020-08-03', NULL, '2020-08-03 16:20:46'),
	(371, 'Vinicius Catrinque - Inte', '27998184814', '2020-08-03', NULL, '2020-08-03 16:20:46'),
	(372, 'Vinicius Catrinque - Inte', '27998460287', '2020-08-03', NULL, '2020-08-03 16:20:46'),
	(373, 'Vinicius Catrinque - Inte', '27998542650', '2020-08-03', NULL, '2020-08-03 16:20:46'),
	(374, 'Vinicius Catrinque - Inte', '27998648054', '2020-08-03', NULL, '2020-08-03 16:20:46'),
	(375, 'Vinicius Catrinque - Inte', '27998843279', '2020-08-03', NULL, '2020-08-03 16:20:46'),
	(376, 'Vinicius Catrinque - Inte', '27998850586', '2020-08-03', NULL, '2020-08-03 16:20:46'),
	(377, 'Vinicius Catrinque - Inte', '27999189351', '2020-08-03', NULL, '2020-08-03 16:20:46'),
	(378, 'Vinicius Catrinque - Inte', '27997938859', '2020-08-03', NULL, '2020-08-03 16:20:46'),
	(379, 'Vinicius Catrinque - Inte', '27998857381', '2020-08-03', NULL, '2020-08-03 16:20:46'),
	(380, 'Vinicius Catrinque - Inte', '27998858865', '2020-08-03', NULL, '2020-08-03 16:20:46'),
	(381, 'Vinicius Catrinque - Inte', '27998869533', '2020-08-03', NULL, '2020-08-03 16:20:46'),
	(382, 'Bloqueada Gestor', '27995034154', '2020-08-03', NULL, '2020-08-03 16:20:46'),
	(383, 'Bloqueada Gestor', '27995108068', '2020-08-03', NULL, '2020-08-03 16:20:46'),
	(384, 'Bloqueada Gestor', '27995108511', '2020-08-03', NULL, '2020-08-03 16:20:46'),
	(385, 'Bloqueada Gestor', '27995114251', '2020-08-03', NULL, '2020-08-03 16:20:46'),
	(386, 'Bloqueada Gestor', '27995222181', '2020-08-03', NULL, '2020-08-03 16:20:46'),
	(387, 'Bloqueada Gestor', '27995265920', '2020-08-03', NULL, '2020-08-03 16:20:46'),
	(388, 'Bloqueada Gestor', '27996180692', '2020-08-03', NULL, '2020-08-03 16:20:46'),
	(389, 'Bloqueada Gestor', '27995108461', '2020-08-03', NULL, '2020-08-03 16:20:46'),
	(390, 'Bloqueada Gestor', '27995108678', '2020-08-03', NULL, '2020-08-03 16:20:46'),
	(391, 'Bloqueada Gestor', '27995201435', '2020-08-03', NULL, '2020-08-03 16:20:46'),
	(392, 'Bloqueada Gestor', '27995329451', '2020-08-03', NULL, '2020-08-03 16:20:46'),
	(393, 'Bloqueada Gestor', '27996176350', '2020-08-03', NULL, '2020-08-03 16:20:46'),
	(394, 'Bloqueada Gestor', '27996879384', '2020-08-03', NULL, '2020-08-03 16:20:46'),
	(395, 'Bloqueada Gestor', '27996918463', '2020-08-03', NULL, '2020-08-03 16:20:46'),
	(396, 'Bloqueada Gestor', '27997045039', '2020-08-03', NULL, '2020-08-03 16:20:46'),
	(397, 'Bloqueada Gestor', '27997188377', '2020-08-03', NULL, '2020-08-03 16:20:46'),
	(398, 'Bloqueada Gestor', '27997317410', '2020-08-03', NULL, '2020-08-03 16:20:46'),
	(399, 'Bloqueada Gestor', '27997545568', '2020-08-03', NULL, '2020-08-03 16:20:46'),
	(400, 'Bloqueada Gestor', '27997667484', '2020-08-03', NULL, '2020-08-03 16:20:46'),
	(401, 'Bloqueada Gestor', '27997978103', '2020-08-03', NULL, '2020-08-03 16:20:46'),
	(402, 'Bloqueada Gestor', '27998284225', '2020-08-03', NULL, '2020-08-03 16:20:46'),
	(403, 'Bloqueada Gestor', '27998573857', '2020-08-03', NULL, '2020-08-03 16:20:46'),
	(404, 'Bloqueada Gestor', '27998735967', '2020-08-03', NULL, '2020-08-03 16:20:46'),
	(405, 'Bloqueada Gestor', '27998945667', '2020-08-03', NULL, '2020-08-03 16:20:46'),
	(406, 'Bloqueada Gestor', '27996907525', '2020-08-03', NULL, '2020-08-03 16:20:46'),
	(407, 'Bloqueada Gestor', '27996987169', '2020-08-03', NULL, '2020-08-03 16:20:46'),
	(408, 'Bloqueada Gestor', '27997134782', '2020-08-03', NULL, '2020-08-03 16:20:46'),
	(409, 'Bloqueada Gestor', '27997178162', '2020-08-03', NULL, '2020-08-03 16:20:46'),
	(410, 'Bloqueada Gestor', '27997517609', '2020-08-03', NULL, '2020-08-03 16:20:46'),
	(411, 'Bloqueada Gestor', '27998574760', '2020-08-03', NULL, '2020-08-03 16:20:46'),
	(412, 'Bloqueada Gestor', '27998701547', '2020-08-03', NULL, '2020-08-03 16:20:46'),
	(413, 'Bloqueada Gestor', '27999446992', '2020-08-03', NULL, '2020-08-03 16:20:46');
/*!40000 ALTER TABLE `ultimos_usuarios` ENABLE KEYS */;

-- Copiando estrutura para tabela gsinfb41_global.users
CREATE TABLE IF NOT EXISTS `users` (
  `id` int(10) unsigned NOT NULL AUTO_INCREMENT,
  `name` varchar(40) COLLATE utf8mb4_unicode_ci NOT NULL,
  `email` varchar(50) COLLATE utf8mb4_unicode_ci NOT NULL,
  `email_verified_at` timestamp NOT NULL DEFAULT current_timestamp() ON UPDATE current_timestamp(),
  `password` varchar(255) COLLATE utf8mb4_unicode_ci NOT NULL,
  `remember_token` varchar(100) COLLATE utf8mb4_unicode_ci DEFAULT NULL,
  `tipo_usuario_id` int(2) unsigned DEFAULT NULL,
  `observacao` varchar(85) COLLATE utf8mb4_unicode_ci DEFAULT NULL,
  `created_at` timestamp NULL DEFAULT NULL,
  `updated_at` timestamp NULL DEFAULT NULL,
  PRIMARY KEY (`id`),
  UNIQUE KEY `users_email_unique` (`email`)
) ENGINE=InnoDB AUTO_INCREMENT=25 DEFAULT CHARSET=utf8mb4 COLLATE=utf8mb4_unicode_ci;

-- Copiando dados para a tabela gsinfb41_global.users: ~4 rows (aproximadamente)
DELETE FROM `users`;
/*!40000 ALTER TABLE `users` DISABLE KEYS */;
INSERT INTO `users` (`id`, `name`, `email`, `email_verified_at`, `password`, `remember_token`, `tipo_usuario_id`, `observacao`, `created_at`, `updated_at`) VALUES
	(1, 'Luis Eduardo', 'luis@luis.admin', '2020-08-03 15:58:28', '$2y$10$w1S/LpBzlqUqw7K8RRJF5Oltj4Q9uAf0QwMyGd03xF6Av9yo8CpRO', '7XCxyOdZpMS1YXOrRlLKk1YI4y2jmhsz33EJwJMi1iFKHli8BUAemjO3V09A', 1, NULL, '2020-07-17 15:29:55', '2020-07-23 20:03:41'),
	(21, 'VItor Pignaton', 'vitor@globalsolutions.net.br', '2020-08-17 15:43:05', '$2y$10$.az6IhXjuUCAbgYck2RL9.9RuPLtx8PnFoL6PlNUnrXE1v8EkQaS2', 'yjfp1INeX2LgBmLIeZD2zpyIKstgjDMCghHHWsJHD4G9qQrtKdkwT2LKrNj8', 1, NULL, '2020-08-17 17:31:06', '2020-08-17 17:32:11'),
	(22, 'Lucas Freitas', 'lucas@globalsolutions.net.br', '2020-08-18 09:02:08', '$2y$10$reR0AyzghTYr54QJkZaq.eWaQgNuFPc7pGcGd5aIQFooiEIwA956.', 'P3rttDuJq6rr60JzVnRxhfeIOmOJICq5LHWhRDACYAWyNgr1Z40LFHzgLf6Z', 1, 'Usuário da Global Solutions', '2020-08-18 12:00:58', '2020-08-18 12:00:58'),
	(24, 'José Lopes dos S. Rocha', 'jlrocha@redegazeta.com.br', '2020-08-19 09:44:21', '$2y$10$PpUIQ7jf4CwL15nDkRCDTeUEy8tbgaHuxd.0Yo6Th3JH3ShZWLUVa', NULL, 2, NULL, '2020-08-19 09:44:21', '2020-08-19 09:44:21');
/*!40000 ALTER TABLE `users` ENABLE KEYS */;

-- Copiando estrutura para trigger gsinfb41_global.trigger_delete_ultimo_usuario
SET @OLDTMP_SQL_MODE=@@SQL_MODE, SQL_MODE='';
DELIMITER //
CREATE TRIGGER `trigger_delete_ultimo_usuario` BEFORE DELETE ON `inventarios` FOR EACH ROW BEGIN
DELETE FROM ultimos_usuarios WHERE ultimos_usuarios.linha = OLD.linha;
END//
DELIMITER ;
SET SQL_MODE=@OLDTMP_SQL_MODE;

-- Copiando estrutura para trigger gsinfb41_global.trigger_insert_ultimo_usuario
SET @OLDTMP_SQL_MODE=@@SQL_MODE, SQL_MODE='';
DELIMITER //
CREATE TRIGGER `trigger_insert_ultimo_usuario` BEFORE INSERT ON `inventarios` FOR EACH ROW BEGIN
INSERT INTO ultimos_usuarios (linha, ultimo_usuario,data_inicio) VALUES (NEW.linha, NEW.nome_usuario,NEW.data_registro);
END//
DELIMITER ;
SET SQL_MODE=@OLDTMP_SQL_MODE;

-- Copiando estrutura para trigger gsinfb41_global.trigger_update_ultimo_usuario
SET @OLDTMP_SQL_MODE=@@SQL_MODE, SQL_MODE='';
DELIMITER //
CREATE TRIGGER `trigger_update_ultimo_usuario` BEFORE UPDATE ON `inventarios` FOR EACH ROW BEGIN

IF (NEW.nome_usuario <> OLD.nome_usuario)
	THEN
	UPDATE ultimos_usuarios SET ultimo_usuario = OLD.nome_usuario, data_inicio = OLD.data_registro, 
	data_termino = NEW.data_registro
	WHERE ultimos_usuarios.linha = OLD.linha;
END IF;

END//
DELIMITER ;
SET SQL_MODE=@OLDTMP_SQL_MODE;

/*!40101 SET SQL_MODE=IFNULL(@OLD_SQL_MODE, '') */;
/*!40014 SET FOREIGN_KEY_CHECKS=IF(@OLD_FOREIGN_KEY_CHECKS IS NULL, 1, @OLD_FOREIGN_KEY_CHECKS) */;
/*!40101 SET CHARACTER_SET_CLIENT=@OLD_CHARACTER_SET_CLIENT */;
